account_id,customer_id,account_type,opened_date,status
1,820,ISA,2023-06-10,Closed
2,282,ISA,2023-09-08,Closed
3,704,GIA,2023-08-12,Closed
4,224,ISA,2023-07-07,Closed
5,411,GIA,2024-02-24,Closed
6,43,GIA,2024-07-27,Open
7,895,SIPP,2024-09-13,Open
8,487,SIPP,2023-11-07,Open
9,520,GIA,2025-05-17,Open
10,205,ISA,2023-06-26,Open
11,280,ISA,2024-02-17,Closed
12,443,LISA,2025-04-30,Open
13,776,LISA,2023-07-17,Closed
14,538,ISA,2025-02-12,Closed
15,602,LISA,2024-04-06,Closed
16,22,ISA,2025-11-09,Open
17,964,SIPP,2024-09-13,Closed
18,121,LISA,2025-03-05,Open
19,512,ISA,2022-12-27,Open
20,395,SIPP,2025-08-24,Closed
21,199,LISA,2025-07-06,Closed
22,327,SIPP,2023-11-21,Closed
23,741,GIA,2025-11-03,Closed
24,481,SIPP,2025-09-23,Closed
25,83,GIA,2023-10-28,Open
26,579,ISA,2024-01-23,Open
27,111,GIA,2023-12-02,Closed
28,856,SIPP,2022-11-18,Closed
29,49,SIPP,2025-07-03,Open
30,88,SIPP,2023-07-18,Closed
31,175,GIA,2023-10-29,Open
32,526,LISA,2023-01-16,Open
33,806,ISA,2024-08-24,Open
34,158,ISA,2025-04-27,Closed
35,154,ISA,2024-11-10,Closed
36,992,GIA,2024-08-31,Closed
37,800,SIPP,2023-11-09,Closed
38,816,LISA,2025-03-24,Open
39,553,LISA,2025-08-16,Closed
40,128,ISA,2025-11-12,Closed
41,611,GIA,2025-04-12,Closed
42,479,ISA,2024-12-30,Open
43,625,SIPP,2024-02-29,Closed
44,342,LISA,2025-05-29,Open
45,703,GIA,2024-06-21,Open
46,239,SIPP,2023-12-08,Open
47,671,ISA,2024-03-22,Closed
48,872,ISA,2023-03-20,Open
49,183,SIPP,2025-09-03,Open
50,720,LISA,2022-12-16,Open
51,956,GIA,2024-05-15,Closed
52,986,GIA,2023-02-22,Open
53,100,LISA,2024-01-05,Open
54,698,SIPP,2025-01-27,Closed
55,541,SIPP,2025-01-12,Closed
56,97,LISA,2023-10-28,Closed
57,73,SIPP,2025-01-28,Closed
58,650,SIPP,2023-01-26,Open
59,851,GIA,2023-11-24,Open
60,578,ISA,2023-05-03,Open
61,646,LISA,2022-11-27,Closed
62,795,LISA,2025-07-14,Open
63,645,GIA,2023-08-08,Closed
64,694,ISA,2023-01-23,Open
65,584,GIA,2023-02-02,Closed
66,838,LISA,2024-05-24,Closed
67,718,SIPP,2023-10-08,Closed
68,272,LISA,2023-09-04,Closed
69,275,SIPP,2025-08-15,Open
70,976,GIA,2023-11-21,Closed
71,923,GIA,2024-04-14,Closed
72,848,SIPP,2023-12-04,Open
73,114,SIPP,2024-09-05,Closed
74,183,LISA,2025-01-28,Closed
75,870,GIA,2024-11-22,Closed
76,649,SIPP,2023-02-02,Open
77,185,GIA,2024-06-17,Closed
78,513,ISA,2024-02-25,Open
79,566,ISA,2024-11-08,Closed
80,719,GIA,2023-08-19,Open
81,921,LISA,2024-12-20,Closed
82,450,LISA,2025-01-02,Closed
83,20,GIA,2024-04-29,Closed
84,683,GIA,2024-09-11,Open
85,74,LISA,2025-06-08,Closed
86,494,LISA,2023-09-21,Closed
87,73,ISA,2025-01-06,Closed
88,641,LISA,2023-01-29,Closed
89,722,SIPP,2025-06-26,Open
90,768,SIPP,2023-01-22,Closed
91,133,LISA,2024-07-26,Closed
92,423,LISA,2024-02-12,Closed
93,702,SIPP,2024-07-13,Open
94,611,LISA,2024-10-04,Closed
95,780,ISA,2023-11-13,Open
96,738,LISA,2023-10-16,Open
97,209,ISA,2024-10-07,Closed
98,356,ISA,2025-10-20,Closed
99,290,SIPP,2024-07-22,Open
100,128,ISA,2024-02-15,Closed
101,613,ISA,2023-04-27,Closed
102,954,LISA,2024-10-24,Open
103,604,ISA,2024-11-12,Closed
104,137,ISA,2025-04-28,Open
105,981,SIPP,2023-09-21,Open
106,550,ISA,2024-05-12,Open
107,545,LISA,2023-11-21,Open
108,601,GIA,2025-10-20,Open
109,109,LISA,2025-06-30,Closed
110,122,LISA,2024-06-21,Open
111,195,LISA,2022-11-19,Open
112,37,LISA,2023-05-28,Open
113,518,LISA,2024-12-26,Open
114,455,LISA,2024-08-27,Open
115,303,GIA,2024-01-10,Closed
116,568,ISA,2024-03-04,Open
117,799,GIA,2025-01-13,Closed
118,584,SIPP,2024-09-17,Closed
119,382,ISA,2024-06-11,Open
120,172,GIA,2024-02-29,Open
121,962,ISA,2025-06-28,Open
122,317,GIA,2024-08-28,Closed
123,999,ISA,2025-03-04,Closed
124,111,ISA,2023-08-03,Open
125,517,GIA,2025-08-24,Closed
126,163,LISA,2023-06-18,Open
127,204,ISA,2025-04-28,Closed
128,154,ISA,2025-05-07,Open
129,65,ISA,2024-03-01,Open
130,301,SIPP,2024-05-28,Open
131,868,LISA,2024-05-02,Open
132,73,GIA,2024-03-03,Open
133,369,SIPP,2024-10-23,Open
134,835,GIA,2025-03-04,Closed
135,503,SIPP,2024-01-03,Open
136,68,GIA,2024-04-16,Open
137,72,LISA,2024-01-12,Open
138,970,SIPP,2024-04-18,Open
139,222,LISA,2024-08-02,Closed
140,899,ISA,2023-03-27,Open
141,938,ISA,2025-10-21,Closed
142,700,ISA,2025-06-18,Open
143,913,SIPP,2025-11-13,Open
144,4,ISA,2023-11-17,Open
145,555,LISA,2023-06-27,Open
146,906,ISA,2025-02-08,Closed
147,657,LISA,2025-10-24,Closed
148,904,ISA,2023-02-02,Open
149,530,ISA,2023-04-29,Open
150,652,SIPP,2025-08-21,Closed
151,422,GIA,2023-03-06,Closed
152,192,LISA,2024-12-29,Open
153,895,SIPP,2025-07-08,Open
154,954,SIPP,2023-11-22,Closed
155,81,LISA,2024-11-25,Closed
156,361,ISA,2024-07-07,Open
157,318,ISA,2025-07-08,Closed
158,362,ISA,2025-02-27,Closed
159,55,ISA,2024-07-09,Closed
160,371,GIA,2024-07-27,Closed
161,414,ISA,2023-07-01,Open
162,498,ISA,2023-09-24,Open
163,98,LISA,2023-02-24,Closed
164,587,GIA,2023-12-14,Closed
165,789,SIPP,2023-04-30,Closed
166,792,SIPP,2023-03-16,Closed
167,295,LISA,2024-12-28,Closed
168,316,LISA,2023-08-16,Closed
169,3,SIPP,2022-12-27,Open
170,173,GIA,2025-09-22,Closed
171,964,SIPP,2023-06-03,Closed
172,400,SIPP,2023-09-13,Open
173,440,LISA,2025-02-08,Open
174,596,SIPP,2023-04-05,Open
175,221,GIA,2024-04-15,Closed
176,443,GIA,2023-04-30,Closed
177,865,SIPP,2024-10-28,Open
178,981,LISA,2022-12-30,Closed
179,404,ISA,2024-12-06,Closed
180,844,SIPP,2023-05-27,Open
181,279,LISA,2023-02-01,Closed
182,748,SIPP,2025-06-01,Closed
183,333,ISA,2024-03-19,Closed
184,325,ISA,2024-08-01,Open
185,266,LISA,2023-04-14,Closed
186,31,SIPP,2023-02-15,Closed
187,873,ISA,2024-03-05,Closed
188,905,LISA,2024-02-25,Closed
189,553,GIA,2023-07-19,Open
190,284,SIPP,2024-10-12,Closed
191,607,LISA,2023-05-27,Open
192,933,SIPP,2025-08-18,Open
193,879,GIA,2023-04-11,Open
194,397,GIA,2024-01-18,Open
195,390,ISA,2025-04-27,Open
196,559,ISA,2023-01-24,Closed
197,860,GIA,2023-03-24,Open
198,234,SIPP,2025-06-05,Closed
199,780,SIPP,2023-12-04,Open
200,984,LISA,2023-11-19,Closed
201,437,GIA,2024-05-12,Closed
202,183,LISA,2024-01-20,Closed
203,95,SIPP,2024-07-06,Open
204,657,GIA,2023-11-19,Open
205,403,LISA,2025-08-30,Closed
206,154,GIA,2025-09-08,Open
207,550,SIPP,2025-04-02,Open
208,211,SIPP,2025-07-17,Closed
209,415,LISA,2024-12-04,Closed
210,555,SIPP,2024-06-13,Open
211,457,LISA,2024-04-11,Closed
212,156,GIA,2024-05-23,Open
213,683,SIPP,2025-10-31,Open
214,230,GIA,2023-01-28,Closed
215,700,GIA,2023-10-19,Closed
216,13,GIA,2024-09-27,Closed
217,256,ISA,2024-03-10,Open
218,750,GIA,2024-02-22,Closed
219,46,SIPP,2025-01-09,Open
220,927,ISA,2023-10-13,Open
221,962,GIA,2022-12-16,Open
222,510,LISA,2024-07-03,Closed
223,293,LISA,2024-12-03,Closed
224,423,LISA,2024-02-19,Open
225,233,ISA,2024-12-24,Closed
226,576,SIPP,2024-09-15,Closed
227,371,ISA,2024-05-01,Open
228,738,GIA,2024-12-17,Open
229,436,LISA,2024-07-05,Open
230,570,GIA,2025-05-20,Closed
231,263,SIPP,2024-11-22,Closed
232,218,GIA,2022-12-17,Open
233,559,GIA,2023-12-23,Closed
234,351,SIPP,2024-09-03,Closed
235,161,ISA,2023-09-20,Closed
236,185,LISA,2023-07-25,Open
237,550,GIA,2024-11-08,Closed
238,452,ISA,2024-11-05,Open
239,536,SIPP,2025-07-21,Closed
240,526,LISA,2024-02-19,Open
241,546,GIA,2024-01-15,Open
242,870,SIPP,2023-06-13,Closed
243,881,SIPP,2024-10-26,Closed
244,61,SIPP,2024-04-04,Closed
245,36,ISA,2023-08-07,Open
246,785,SIPP,2023-06-20,Open
247,43,SIPP,2025-10-30,Closed
248,626,LISA,2023-11-01,Open
249,752,ISA,2025-04-22,Open
250,121,LISA,2024-08-27,Closed
251,40,ISA,2023-03-31,Closed
252,245,GIA,2025-07-26,Open
253,890,GIA,2024-05-17,Open
254,653,ISA,2025-09-13,Closed
255,395,ISA,2023-05-03,Closed
256,453,SIPP,2025-05-18,Open
257,725,GIA,2024-07-20,Closed
258,663,GIA,2023-04-07,Closed
259,748,ISA,2023-01-20,Open
260,806,LISA,2024-01-18,Open
261,686,SIPP,2024-04-20,Closed
262,166,LISA,2024-07-30,Closed
263,667,LISA,2023-03-26,Closed
264,442,SIPP,2023-10-04,Open
265,18,GIA,2023-05-06,Closed
266,953,ISA,2024-12-16,Closed
267,229,ISA,2024-05-18,Open
268,904,LISA,2023-01-13,Open
269,106,LISA,2024-01-31,Closed
270,785,GIA,2022-11-18,Open
271,651,LISA,2024-11-27,Open
272,981,LISA,2023-06-01,Open
273,355,ISA,2024-09-13,Open
274,948,LISA,2023-08-19,Open
275,104,SIPP,2025-02-10,Open
276,411,LISA,2025-09-04,Closed
277,391,SIPP,2022-12-05,Open
278,811,LISA,2025-08-13,Open
279,259,LISA,2024-08-15,Closed
280,318,SIPP,2023-04-17,Closed
281,117,SIPP,2024-08-18,Open
282,730,LISA,2023-10-08,Closed
283,669,ISA,2025-10-16,Closed
284,634,ISA,2022-12-30,Closed
285,355,SIPP,2025-09-08,Closed
286,840,LISA,2024-08-23,Closed
287,999,LISA,2023-08-18,Open
288,584,LISA,2023-03-25,Open
289,590,SIPP,2023-07-25,Closed
290,751,ISA,2023-12-30,Closed
291,618,ISA,2024-12-13,Closed
292,772,ISA,2023-10-07,Closed
293,771,GIA,2025-07-18,Closed
294,958,GIA,2025-09-22,Closed
295,594,LISA,2024-06-20,Closed
296,355,SIPP,2024-08-27,Open
297,707,SIPP,2025-05-21,Open
298,425,GIA,2024-12-02,Closed
299,158,SIPP,2024-03-29,Open
300,68,ISA,2025-11-14,Closed
301,82,ISA,2025-01-17,Closed
302,276,SIPP,2025-02-24,Closed
303,667,ISA,2022-11-16,Open
304,233,GIA,2023-01-30,Closed
305,186,SIPP,2024-12-14,Closed
306,706,GIA,2023-12-13,Open
307,667,GIA,2024-09-01,Open
308,15,ISA,2024-10-27,Open
309,78,GIA,2023-10-08,Closed
310,455,GIA,2024-02-09,Closed
311,918,LISA,2023-07-20,Closed
312,3,LISA,2023-11-08,Open
313,378,LISA,2024-07-29,Closed
314,538,ISA,2023-03-09,Closed
315,706,SIPP,2025-11-09,Closed
316,242,GIA,2023-02-01,Open
317,267,SIPP,2024-01-03,Open
318,426,ISA,2023-09-16,Closed
319,640,SIPP,2024-04-16,Open
320,239,LISA,2023-05-09,Open
321,990,GIA,2023-06-11,Closed
322,466,LISA,2023-02-11,Closed
323,409,SIPP,2025-08-24,Closed
324,278,LISA,2024-09-30,Closed
325,875,GIA,2024-04-30,Open
326,957,GIA,2023-11-05,Closed
327,191,SIPP,2025-06-18,Open
328,768,ISA,2023-02-19,Open
329,377,SIPP,2025-09-01,Open
330,736,LISA,2025-01-12,Closed
331,239,SIPP,2023-07-11,Closed
332,223,LISA,2023-07-07,Open
333,723,LISA,2025-10-24,Closed
334,853,ISA,2023-01-02,Closed
335,132,SIPP,2023-03-07,Closed
336,53,GIA,2024-10-13,Open
337,757,LISA,2025-11-06,Open
338,124,LISA,2024-03-24,Open
339,440,SIPP,2023-11-06,Open
340,923,ISA,2023-05-01,Open
341,818,ISA,2024-05-22,Open
342,374,ISA,2024-04-12,Closed
343,655,LISA,2025-02-12,Closed
344,23,ISA,2023-04-01,Closed
345,215,SIPP,2024-09-01,Open
346,743,SIPP,2023-11-30,Closed
347,330,ISA,2025-09-14,Closed
348,274,LISA,2023-08-16,Closed
349,240,ISA,2023-07-01,Open
350,134,LISA,2023-03-29,Closed
351,898,LISA,2023-05-06,Open
352,859,SIPP,2022-12-28,Open
353,813,LISA,2023-04-29,Closed
354,662,ISA,2024-05-17,Open
355,397,SIPP,2025-06-05,Closed
356,86,LISA,2025-04-16,Open
357,267,GIA,2023-10-16,Open
358,247,LISA,2023-02-18,Closed
359,915,SIPP,2025-02-17,Open
360,983,SIPP,2024-04-30,Open
361,772,SIPP,2023-08-30,Closed
362,752,LISA,2023-03-27,Open
363,291,GIA,2024-09-03,Open
364,902,ISA,2023-11-18,Open
365,859,SIPP,2023-04-29,Open
366,616,ISA,2024-05-23,Open
367,962,LISA,2025-11-05,Open
368,844,SIPP,2022-11-29,Closed
369,88,SIPP,2025-09-30,Closed
370,350,GIA,2023-08-07,Closed
371,248,GIA,2023-11-07,Closed
372,998,GIA,2022-12-22,Closed
373,711,SIPP,2025-05-06,Open
374,195,LISA,2024-10-18,Open
375,890,GIA,2025-07-01,Closed
376,175,ISA,2023-01-04,Closed
377,65,LISA,2025-11-12,Closed
378,525,ISA,2024-12-22,Closed
379,291,SIPP,2025-01-24,Closed
380,5,GIA,2023-06-04,Closed
381,423,GIA,2024-04-05,Closed
382,271,SIPP,2025-03-28,Open
383,164,ISA,2025-07-15,Open
384,395,SIPP,2024-06-16,Closed
385,576,LISA,2024-02-06,Closed
386,45,GIA,2023-05-30,Closed
387,63,SIPP,2025-03-16,Open
388,541,ISA,2025-02-10,Closed
389,16,LISA,2023-04-09,Open
390,895,ISA,2023-04-28,Closed
391,405,LISA,2024-12-05,Open
392,754,SIPP,2024-12-11,Open
393,848,GIA,2023-06-24,Open
394,676,ISA,2022-12-23,Closed
395,274,ISA,2023-08-06,Open
396,221,LISA,2024-05-24,Open
397,187,SIPP,2025-05-11,Open
398,546,LISA,2024-11-13,Closed
399,3,ISA,2025-03-01,Closed
400,658,SIPP,2024-07-03,Closed
401,392,GIA,2023-06-21,Open
402,590,ISA,2023-05-23,Closed
403,777,SIPP,2025-07-26,Closed
404,105,LISA,2024-10-04,Open
405,643,SIPP,2024-05-01,Closed
406,658,SIPP,2024-06-18,Closed
407,876,GIA,2023-04-12,Closed
408,422,GIA,2023-09-02,Closed
409,319,ISA,2023-05-26,Closed
410,971,ISA,2023-05-24,Open
411,351,SIPP,2024-03-01,Closed
412,386,ISA,2025-06-28,Open
413,429,GIA,2025-02-23,Open
414,41,LISA,2025-08-10,Closed
415,695,LISA,2023-03-01,Open
416,529,SIPP,2024-06-16,Closed
417,263,GIA,2025-07-08,Closed
418,742,LISA,2023-09-30,Closed
419,587,LISA,2023-04-19,Open
420,89,LISA,2024-04-28,Open
421,220,GIA,2022-12-02,Closed
422,382,GIA,2023-05-18,Closed
423,684,SIPP,2025-09-03,Open
424,167,ISA,2024-08-21,Closed
425,815,LISA,2023-08-18,Open
426,500,GIA,2023-10-19,Closed
427,624,SIPP,2025-03-16,Open
428,624,LISA,2025-01-21,Closed
429,949,ISA,2025-05-10,Open
430,222,GIA,2023-07-14,Open
431,986,LISA,2025-03-16,Open
432,932,LISA,2024-01-22,Closed
433,523,ISA,2023-06-23,Open
434,151,GIA,2024-12-05,Open
435,891,ISA,2023-06-23,Open
436,802,SIPP,2024-08-22,Open
437,440,GIA,2023-08-05,Closed
438,2,GIA,2024-10-10,Closed
439,425,LISA,2024-01-30,Open
440,987,SIPP,2024-03-23,Closed
441,24,LISA,2023-10-25,Open
442,856,ISA,2024-04-15,Open
443,912,ISA,2023-12-11,Closed
444,161,SIPP,2022-12-31,Closed
445,283,SIPP,2024-01-01,Open
446,264,ISA,2023-05-01,Open
447,593,ISA,2023-09-14,Closed
448,351,LISA,2024-10-06,Open
449,580,GIA,2024-10-15,Closed
450,516,LISA,2025-07-19,Open
451,636,LISA,2023-03-13,Closed
452,941,ISA,2025-08-11,Closed
453,294,SIPP,2025-04-28,Open
454,915,ISA,2023-12-08,Open
455,4,ISA,2023-10-16,Closed
456,983,LISA,2023-04-13,Open
457,470,SIPP,2023-04-14,Closed
458,760,GIA,2023-12-24,Open
459,993,LISA,2024-04-25,Open
460,855,ISA,2023-03-19,Open
461,525,ISA,2023-04-10,Open
462,144,LISA,2025-09-02,Open
463,459,ISA,2023-01-24,Open
464,12,SIPP,2025-08-01,Closed
465,773,SIPP,2025-03-30,Closed
466,693,ISA,2024-05-01,Open
467,421,ISA,2025-04-25,Closed
468,340,SIPP,2025-06-05,Closed
469,26,LISA,2023-09-26,Open
470,849,LISA,2023-02-06,Open
471,841,GIA,2023-11-11,Closed
472,970,LISA,2025-05-23,Closed
473,848,ISA,2024-02-28,Closed
474,545,ISA,2022-12-20,Closed
475,2,LISA,2024-07-12,Open
476,555,GIA,2024-12-03,Closed
477,868,GIA,2025-07-05,Open
478,574,GIA,2023-04-21,Open
479,615,SIPP,2025-04-19,Closed
480,592,LISA,2023-02-13,Open
481,985,SIPP,2025-10-27,Closed
482,569,SIPP,2022-12-23,Closed
483,870,LISA,2023-01-25,Open
484,140,ISA,2025-08-25,Open
485,192,LISA,2024-07-12,Closed
486,384,SIPP,2023-03-30,Closed
487,887,ISA,2024-06-19,Open
488,327,LISA,2023-01-17,Open
489,809,SIPP,2025-09-04,Open
490,859,GIA,2024-11-14,Closed
491,778,LISA,2025-05-30,Open
492,682,ISA,2025-10-29,Open
493,935,GIA,2024-08-03,Closed
494,521,SIPP,2025-04-22,Open
495,216,ISA,2025-08-21,Open
496,44,SIPP,2023-07-25,Closed
497,330,LISA,2024-04-06,Closed
498,879,SIPP,2023-03-22,Closed
499,489,LISA,2025-07-12,Open
500,388,GIA,2024-08-30,Closed
501,468,GIA,2025-10-08,Open
502,218,LISA,2023-11-18,Open
503,886,ISA,2024-01-16,Closed
504,36,LISA,2025-06-15,Closed
505,480,ISA,2024-05-15,Closed
506,464,GIA,2025-07-09,Open
507,288,ISA,2024-06-04,Closed
508,704,SIPP,2023-11-06,Open
509,988,SIPP,2024-03-19,Open
510,827,GIA,2024-04-17,Closed
511,311,LISA,2025-01-12,Closed
512,285,ISA,2023-07-19,Closed
513,420,ISA,2024-04-07,Closed
514,420,ISA,2024-02-19,Open
515,734,SIPP,2025-07-31,Open
516,117,ISA,2024-01-27,Open
517,261,LISA,2023-02-13,Closed
518,971,LISA,2023-07-20,Open
519,215,SIPP,2024-08-18,Open
520,912,SIPP,2024-09-29,Open
521,643,LISA,2024-12-06,Closed
522,621,SIPP,2023-07-15,Closed
523,420,SIPP,2024-02-05,Open
524,654,ISA,2023-01-30,Closed
525,872,ISA,2023-05-27,Open
526,11,SIPP,2024-03-03,Open
527,620,SIPP,2023-05-31,Closed
528,909,GIA,2023-07-01,Closed
529,786,ISA,2024-09-24,Closed
530,496,SIPP,2023-07-18,Open
531,661,SIPP,2025-04-18,Open
532,761,GIA,2025-10-16,Open
533,489,SIPP,2025-10-05,Closed
534,310,ISA,2024-10-02,Open
535,574,SIPP,2025-03-14,Closed
536,442,SIPP,2024-02-20,Open
537,753,LISA,2024-06-16,Open
538,606,LISA,2025-10-19,Closed
539,972,LISA,2022-11-16,Open
540,154,GIA,2025-06-12,Open
541,693,GIA,2023-02-21,Closed
542,27,SIPP,2025-05-13,Open
543,397,LISA,2023-03-06,Closed
544,694,SIPP,2025-03-01,Closed
545,581,GIA,2025-05-12,Closed
546,57,GIA,2024-08-31,Open
547,314,SIPP,2022-11-20,Open
548,143,SIPP,2024-06-07,Closed
549,710,GIA,2023-03-28,Closed
550,630,GIA,2024-07-24,Closed
551,166,LISA,2024-11-27,Closed
552,31,GIA,2023-01-04,Closed
553,529,GIA,2025-03-18,Closed
554,216,GIA,2023-03-10,Open
555,993,ISA,2024-04-05,Open
556,156,ISA,2024-12-15,Closed
557,859,ISA,2024-06-30,Open
558,777,ISA,2024-07-12,Closed
559,985,ISA,2024-06-26,Open
560,237,GIA,2025-10-14,Closed
561,359,LISA,2022-11-30,Closed
562,821,SIPP,2024-10-09,Open
563,719,GIA,2023-12-04,Closed
564,845,GIA,2023-10-03,Closed
565,105,SIPP,2025-11-14,Closed
566,50,SIPP,2025-11-13,Closed
567,921,LISA,2023-04-11,Closed
568,34,LISA,2023-05-16,Closed
569,894,SIPP,2023-12-28,Open
570,925,LISA,2024-04-07,Closed
571,684,SIPP,2022-12-19,Open
572,133,SIPP,2025-01-10,Closed
573,207,LISA,2024-08-13,Open
574,206,ISA,2023-03-17,Open
575,272,GIA,2025-03-29,Open
576,759,GIA,2025-11-08,Open
577,985,GIA,2025-01-03,Closed
578,239,SIPP,2023-03-03,Open
579,857,LISA,2024-03-10,Open
580,913,SIPP,2023-01-11,Closed
581,537,ISA,2024-01-05,Closed
582,217,LISA,2025-02-02,Open
583,659,LISA,2023-07-07,Closed
584,850,LISA,2025-01-10,Open
585,162,ISA,2025-03-14,Closed
586,772,LISA,2023-07-20,Open
587,251,GIA,2024-11-02,Open
588,966,SIPP,2025-10-12,Open
589,979,SIPP,2023-07-04,Closed
590,758,ISA,2023-12-16,Open
591,383,SIPP,2025-06-19,Closed
592,240,GIA,2023-07-12,Open
593,455,ISA,2024-01-18,Open
594,194,LISA,2022-11-23,Closed
595,856,GIA,2025-08-06,Open
596,360,LISA,2023-09-12,Open
597,955,LISA,2023-08-30,Closed
598,575,ISA,2024-03-13,Open
599,642,GIA,2023-04-20,Open
600,573,ISA,2024-10-02,Closed
601,236,GIA,2023-02-04,Open
602,102,LISA,2023-10-13,Closed
603,810,GIA,2024-03-13,Closed
604,865,LISA,2023-02-24,Open
605,868,ISA,2024-05-24,Closed
606,197,ISA,2023-08-30,Open
607,354,ISA,2023-06-23,Closed
608,982,LISA,2024-05-10,Open
609,996,SIPP,2024-11-10,Open
610,20,LISA,2023-10-13,Open
611,78,ISA,2023-04-02,Open
612,712,GIA,2025-07-04,Closed
613,855,LISA,2023-04-05,Open
614,723,LISA,2024-06-24,Open
615,622,LISA,2024-11-23,Open
616,374,LISA,2024-12-09,Open
617,21,GIA,2025-03-23,Closed
618,732,SIPP,2025-09-13,Closed
619,700,LISA,2023-03-18,Closed
620,549,SIPP,2024-08-12,Closed
621,337,GIA,2023-09-25,Open
622,624,ISA,2023-09-02,Closed
623,631,GIA,2024-09-15,Open
624,724,LISA,2024-03-21,Open
625,245,SIPP,2024-07-01,Closed
626,314,GIA,2025-04-23,Open
627,378,ISA,2023-01-21,Open
628,126,SIPP,2024-09-12,Closed
629,852,LISA,2024-01-23,Closed
630,94,SIPP,2023-07-16,Open
631,827,LISA,2024-09-15,Open
632,993,GIA,2025-02-17,Open
633,439,LISA,2024-03-07,Open
634,498,GIA,2022-12-11,Closed
635,482,LISA,2025-07-09,Closed
636,370,SIPP,2025-07-24,Open
637,999,GIA,2024-10-28,Closed
638,605,LISA,2022-12-25,Open
639,587,SIPP,2025-05-08,Open
640,954,GIA,2023-05-24,Closed
641,901,ISA,2024-06-06,Open
642,749,LISA,2024-01-03,Open
643,803,SIPP,2024-01-30,Closed
644,299,ISA,2023-01-25,Open
645,913,ISA,2023-03-21,Closed
646,432,SIPP,2024-04-08,Closed
647,271,GIA,2023-09-10,Open
648,268,ISA,2024-08-28,Closed
649,141,SIPP,2025-04-14,Open
650,446,ISA,2024-10-18,Closed
651,322,LISA,2025-03-08,Open
652,31,LISA,2025-08-23,Open
653,876,GIA,2023-06-13,Open
654,922,ISA,2024-03-10,Open
655,740,SIPP,2024-07-10,Closed
656,799,LISA,2024-11-12,Open
657,486,SIPP,2023-07-18,Open
658,10,GIA,2024-09-14,Open
659,223,SIPP,2025-02-24,Open
660,752,ISA,2024-01-15,Closed
661,925,LISA,2023-10-04,Closed
662,110,LISA,2025-04-10,Open
663,322,ISA,2025-02-03,Open
664,287,LISA,2024-04-22,Open
665,943,LISA,2023-10-13,Open
666,908,LISA,2024-04-15,Open
667,772,SIPP,2023-08-16,Closed
668,26,ISA,2023-06-24,Open
669,583,LISA,2023-01-06,Closed
670,225,SIPP,2024-09-21,Open
671,536,SIPP,2024-12-03,Open
672,496,SIPP,2023-06-03,Open
673,542,LISA,2025-06-06,Open
674,260,GIA,2023-04-13,Closed
675,139,LISA,2025-04-07,Closed
676,599,GIA,2024-04-14,Closed
677,338,GIA,2025-08-14,Open
678,954,GIA,2025-09-30,Closed
679,465,SIPP,2025-10-12,Open
680,863,ISA,2023-04-19,Closed
681,198,SIPP,2023-06-20,Closed
682,455,LISA,2023-06-13,Closed
683,819,GIA,2024-05-12,Open
684,80,ISA,2024-08-20,Open
685,702,ISA,2022-12-25,Closed
686,401,LISA,2024-06-28,Closed
687,243,LISA,2025-06-07,Closed
688,590,ISA,2025-09-28,Closed
689,537,GIA,2025-05-12,Open
690,857,LISA,2022-12-16,Closed
691,202,LISA,2023-04-27,Open
692,254,GIA,2023-06-17,Open
693,685,SIPP,2024-07-07,Open
694,112,ISA,2023-02-17,Closed
695,529,ISA,2024-02-15,Open
696,144,GIA,2025-03-06,Closed
697,990,SIPP,2025-10-20,Open
698,554,LISA,2025-09-10,Open
699,547,LISA,2025-08-01,Closed
700,472,LISA,2024-10-01,Open
701,144,ISA,2025-10-19,Open
702,204,SIPP,2022-12-10,Open
703,690,LISA,2025-10-02,Closed
704,29,GIA,2024-12-13,Closed
705,606,GIA,2023-02-24,Closed
706,585,GIA,2025-09-28,Closed
707,233,GIA,2025-02-23,Open
708,134,ISA,2025-09-22,Closed
709,623,ISA,2023-05-05,Closed
710,938,GIA,2025-08-23,Open
711,499,SIPP,2023-12-16,Closed
712,352,GIA,2025-09-05,Closed
713,870,GIA,2023-02-20,Open
714,653,LISA,2025-09-22,Closed
715,610,LISA,2023-09-07,Open
716,899,SIPP,2024-04-17,Closed
717,503,ISA,2024-03-25,Closed
718,537,LISA,2023-10-21,Open
719,416,ISA,2025-08-26,Closed
720,226,GIA,2023-10-05,Closed
721,170,ISA,2023-07-24,Closed
722,973,LISA,2025-03-07,Open
723,419,LISA,2023-02-24,Closed
724,941,GIA,2024-03-31,Open
725,67,GIA,2025-08-04,Closed
726,881,ISA,2023-08-04,Open
727,629,LISA,2023-09-18,Closed
728,325,LISA,2025-07-07,Closed
729,262,GIA,2025-01-05,Closed
730,734,ISA,2023-03-10,Open
731,739,ISA,2024-07-09,Open
732,201,ISA,2025-04-30,Open
733,196,LISA,2024-11-01,Open
734,884,LISA,2024-11-13,Open
735,111,ISA,2023-07-03,Open
736,252,GIA,2025-09-29,Open
737,61,ISA,2023-02-26,Open
738,395,SIPP,2024-02-16,Open
739,479,LISA,2024-04-30,Open
740,643,ISA,2024-04-12,Open
741,84,LISA,2024-07-15,Open
742,959,SIPP,2023-11-14,Closed
743,384,ISA,2022-12-11,Closed
744,235,GIA,2024-07-11,Closed
745,674,GIA,2024-12-27,Open
746,298,GIA,2022-11-27,Open
747,274,LISA,2022-12-18,Closed
748,298,SIPP,2024-03-09,Closed
749,810,LISA,2024-10-20,Open
750,520,GIA,2025-01-19,Closed
751,46,GIA,2025-09-05,Open
752,116,LISA,2025-03-08,Closed
753,30,GIA,2025-05-21,Closed
754,636,GIA,2025-10-03,Closed
755,454,GIA,2025-03-26,Open
756,22,SIPP,2024-03-17,Open
757,864,GIA,2023-09-16,Closed
758,207,GIA,2024-10-12,Open
759,49,ISA,2024-04-25,Closed
760,747,LISA,2023-10-11,Closed
761,795,SIPP,2023-10-31,Closed
762,940,LISA,2023-04-13,Closed
763,963,LISA,2025-02-02,Closed
764,741,SIPP,2024-06-09,Open
765,405,SIPP,2025-05-24,Open
766,906,GIA,2024-06-12,Open
767,974,SIPP,2024-04-17,Open
768,443,LISA,2025-01-24,Closed
769,6,ISA,2023-08-13,Open
770,507,SIPP,2024-04-02,Closed
771,302,SIPP,2024-08-06,Closed
772,951,GIA,2024-05-19,Open
773,383,SIPP,2025-04-26,Closed
774,849,SIPP,2025-10-31,Open
775,713,ISA,2024-10-14,Closed
776,487,SIPP,2023-11-25,Closed
777,692,LISA,2023-08-26,Open
778,265,ISA,2024-06-22,Open
779,921,LISA,2024-08-04,Open
780,977,SIPP,2023-10-28,Open
781,310,ISA,2025-04-16,Open
782,473,LISA,2024-06-28,Closed
783,872,SIPP,2024-04-13,Open
784,283,ISA,2024-07-28,Closed
785,77,LISA,2024-01-09,Closed
786,596,GIA,2022-11-30,Closed
787,987,ISA,2023-04-28,Closed
788,417,LISA,2024-04-20,Open
789,879,SIPP,2024-02-18,Open
790,413,LISA,2025-05-03,Open
791,554,LISA,2025-05-22,Closed
792,986,LISA,2023-08-23,Open
793,705,ISA,2025-06-06,Closed
794,292,ISA,2025-09-27,Open
795,429,ISA,2025-02-27,Open
796,96,LISA,2023-03-03,Open
797,733,LISA,2024-01-26,Closed
798,173,GIA,2024-09-28,Closed
799,729,ISA,2023-12-31,Open
800,531,LISA,2023-06-24,Open
801,146,SIPP,2024-05-02,Closed
802,876,ISA,2024-04-25,Closed
803,508,SIPP,2023-08-29,Closed
804,972,ISA,2024-05-16,Closed
805,604,ISA,2024-02-05,Closed
806,548,GIA,2025-08-28,Closed
807,159,SIPP,2025-02-16,Open
808,452,ISA,2023-05-16,Closed
809,74,ISA,2023-02-05,Closed
810,124,GIA,2023-01-15,Closed
811,466,GIA,2025-01-08,Open
812,393,ISA,2024-07-09,Open
813,555,GIA,2025-06-22,Open
814,933,GIA,2024-09-19,Closed
815,368,SIPP,2024-04-05,Closed
816,610,LISA,2025-06-22,Open
817,320,SIPP,2024-12-26,Closed
818,592,GIA,2025-11-05,Open
819,767,ISA,2024-07-29,Open
820,336,LISA,2023-04-14,Open
821,505,SIPP,2025-01-09,Open
822,840,ISA,2025-07-22,Open
823,430,SIPP,2025-01-22,Closed
824,28,GIA,2024-01-21,Open
825,989,GIA,2023-10-01,Open
826,967,LISA,2023-11-19,Open
827,652,SIPP,2024-01-19,Open
828,712,ISA,2025-01-16,Open
829,948,LISA,2025-01-04,Closed
830,279,GIA,2024-05-03,Open
831,271,ISA,2024-10-28,Open
832,780,SIPP,2023-04-23,Closed
833,648,GIA,2024-11-01,Closed
834,395,ISA,2023-09-21,Open
835,317,ISA,2023-03-03,Open
836,441,LISA,2023-02-22,Open
837,80,ISA,2025-06-06,Closed
838,707,SIPP,2025-03-26,Closed
839,783,SIPP,2025-09-11,Open
840,854,SIPP,2025-07-31,Closed
841,36,ISA,2024-12-20,Open
842,907,LISA,2024-11-07,Open
843,270,SIPP,2024-03-10,Closed
844,888,LISA,2024-01-05,Closed
845,837,LISA,2024-01-07,Closed
846,10,ISA,2023-10-19,Closed
847,737,LISA,2025-05-18,Closed
848,503,GIA,2023-11-25,Open
849,733,ISA,2023-04-18,Closed
850,565,SIPP,2022-12-02,Open
851,687,SIPP,2025-01-03,Open
852,841,GIA,2024-11-23,Closed
853,532,GIA,2024-09-30,Closed
854,938,SIPP,2023-06-01,Closed
855,434,SIPP,2023-02-17,Open
856,584,ISA,2024-11-06,Closed
857,854,ISA,2023-08-16,Open
858,413,GIA,2025-08-28,Closed
859,925,SIPP,2025-01-09,Open
860,917,LISA,2024-02-21,Closed
861,49,SIPP,2025-05-06,Closed
862,113,ISA,2025-08-15,Closed
863,909,SIPP,2025-04-23,Closed
864,796,LISA,2025-07-20,Closed
865,658,SIPP,2023-04-20,Closed
866,810,ISA,2023-02-24,Closed
867,104,LISA,2024-09-28,Closed
868,278,ISA,2024-06-23,Closed
869,24,SIPP,2023-10-13,Open
870,829,SIPP,2023-12-23,Open
871,561,ISA,2023-06-09,Open
872,66,SIPP,2022-12-16,Open
873,100,ISA,2024-12-12,Closed
874,591,GIA,2024-11-15,Closed
875,156,LISA,2023-09-22,Closed
876,911,ISA,2023-05-14,Closed
877,541,ISA,2024-03-25,Open
878,358,SIPP,2024-04-15,Open
879,984,SIPP,2023-03-26,Closed
880,145,GIA,2024-09-11,Closed
881,528,LISA,2024-11-27,Open
882,473,GIA,2023-11-06,Closed
883,499,ISA,2024-09-06,Open
884,792,SIPP,2025-04-29,Open
885,435,SIPP,2023-03-05,Open
886,170,GIA,2022-12-12,Open
887,591,ISA,2024-06-03,Open
888,78,SIPP,2023-01-23,Open
889,907,LISA,2024-11-07,Open
890,515,SIPP,2024-07-25,Open
891,236,LISA,2024-02-04,Closed
892,337,GIA,2025-04-28,Closed
893,115,GIA,2024-10-23,Open
894,395,GIA,2024-11-07,Open
895,548,ISA,2024-10-31,Closed
896,144,LISA,2024-07-11,Open
897,220,GIA,2025-03-02,Open
898,786,LISA,2023-06-17,Open
899,356,GIA,2025-10-22,Closed
900,506,ISA,2024-10-18,Open
901,382,ISA,2023-11-03,Closed
902,883,GIA,2023-07-15,Open
903,621,GIA,2023-05-15,Open
904,310,ISA,2025-11-03,Open
905,600,SIPP,2023-07-02,Open
906,424,SIPP,2023-03-02,Open
907,46,GIA,2023-08-15,Open
908,786,LISA,2023-03-14,Closed
909,117,SIPP,2024-08-07,Closed
910,702,SIPP,2023-10-02,Open
911,582,LISA,2024-04-30,Closed
912,460,SIPP,2023-01-05,Closed
913,866,SIPP,2024-01-05,Closed
914,80,ISA,2024-09-30,Open
915,906,LISA,2023-02-04,Open
916,53,SIPP,2024-12-13,Closed
917,542,GIA,2025-02-06,Open
918,102,LISA,2024-10-30,Closed
919,270,LISA,2023-01-18,Open
920,393,GIA,2024-09-29,Open
921,662,GIA,2024-05-08,Open
922,725,ISA,2023-03-16,Closed
923,587,ISA,2023-06-10,Closed
924,791,ISA,2023-02-18,Open
925,677,SIPP,2023-08-20,Closed
926,68,LISA,2024-03-11,Closed
927,783,ISA,2024-02-09,Closed
928,522,ISA,2023-12-25,Closed
929,531,LISA,2023-05-16,Closed
930,84,ISA,2025-04-09,Open
931,527,LISA,2023-03-15,Closed
932,98,ISA,2025-02-25,Closed
933,462,ISA,2022-12-05,Open
934,915,ISA,2024-01-13,Closed
935,421,ISA,2023-12-06,Open
936,407,GIA,2023-10-18,Open
937,789,ISA,2023-10-16,Open
938,875,LISA,2023-01-08,Closed
939,201,LISA,2024-12-08,Open
940,958,GIA,2024-09-15,Closed
941,163,SIPP,2023-01-13,Open
942,176,GIA,2023-05-29,Open
943,553,GIA,2025-03-16,Open
944,266,GIA,2024-09-04,Closed
945,599,SIPP,2025-06-23,Closed
946,85,ISA,2025-08-03,Closed
947,217,LISA,2024-02-16,Open
948,734,SIPP,2024-02-13,Open
949,725,GIA,2022-12-27,Open
950,36,GIA,2023-12-12,Closed
951,565,SIPP,2023-08-19,Open
952,776,ISA,2023-01-05,Closed
953,708,GIA,2025-03-15,Open
954,477,SIPP,2023-05-04,Open
955,527,LISA,2022-11-26,Closed
956,913,LISA,2023-09-04,Closed
957,853,LISA,2025-02-06,Open
958,192,GIA,2023-02-11,Open
959,153,GIA,2024-07-29,Open
960,448,SIPP,2024-10-03,Open
961,845,SIPP,2023-04-24,Open
962,314,LISA,2023-07-13,Closed
963,768,SIPP,2023-05-22,Open
964,959,GIA,2025-08-09,Closed
965,944,ISA,2024-12-05,Open
966,967,LISA,2024-03-14,Closed
967,865,SIPP,2025-04-16,Closed
968,17,ISA,2024-02-09,Open
969,766,SIPP,2024-12-27,Closed
970,508,ISA,2025-07-30,Open
971,665,LISA,2024-11-04,Closed
972,348,SIPP,2024-05-21,Open
973,755,LISA,2024-02-27,Open
974,233,GIA,2024-12-18,Closed
975,644,SIPP,2023-09-10,Closed
976,787,ISA,2024-12-23,Open
977,208,LISA,2025-06-28,Closed
978,327,SIPP,2023-04-16,Closed
979,46,ISA,2025-04-30,Open
980,552,GIA,2023-08-29,Open
981,776,LISA,2024-07-27,Closed
982,362,LISA,2023-08-17,Open
983,305,ISA,2023-08-07,Closed
984,28,GIA,2023-03-18,Open
985,545,LISA,2024-01-23,Closed
986,710,LISA,2025-06-09,Closed
987,392,LISA,2023-07-31,Open
988,534,LISA,2023-07-14,Open
989,623,LISA,2023-08-08,Open
990,23,GIA,2024-06-30,Closed
991,422,SIPP,2024-07-23,Closed
992,3,ISA,2024-04-01,Open
993,108,ISA,2025-01-03,Open
994,637,SIPP,2024-11-20,Closed
995,673,ISA,2023-06-24,Closed
996,654,GIA,2025-08-31,Closed
997,325,ISA,2024-05-13,Open
998,927,ISA,2023-03-05,Closed
999,136,ISA,2024-10-16,Closed
1000,953,LISA,2023-06-14,Closed
1001,796,ISA,2024-12-28,Closed
1002,885,GIA,2023-07-19,Open
1003,440,SIPP,2025-07-12,Closed
1004,936,SIPP,2023-04-11,Closed
1005,337,GIA,2023-07-31,Closed
1006,195,LISA,2025-05-05,Closed
1007,977,GIA,2024-04-02,Closed
1008,52,GIA,2025-02-18,Open
1009,426,GIA,2024-05-26,Open
1010,51,LISA,2023-08-03,Closed
1011,779,LISA,2023-12-07,Closed
1012,570,LISA,2023-08-01,Open
1013,674,LISA,2022-11-24,Open
1014,723,SIPP,2024-12-18,Closed
1015,264,ISA,2024-07-26,Open
1016,342,SIPP,2023-08-24,Open
1017,771,ISA,2025-03-21,Closed
1018,182,ISA,2023-03-01,Open
1019,316,GIA,2023-04-27,Closed
1020,474,GIA,2023-12-08,Closed
1021,446,ISA,2024-05-26,Open
1022,926,ISA,2024-05-12,Open
1023,519,SIPP,2024-08-12,Open
1024,585,GIA,2024-04-01,Open
1025,494,SIPP,2023-05-26,Closed
1026,442,LISA,2025-10-16,Closed
1027,735,SIPP,2024-01-11,Closed
1028,610,GIA,2024-06-30,Open
1029,651,SIPP,2024-05-18,Open
1030,205,GIA,2025-08-29,Closed
1031,746,ISA,2025-06-06,Open
1032,316,GIA,2023-08-08,Closed
1033,945,GIA,2024-08-19,Closed
1034,438,SIPP,2024-07-22,Closed
1035,754,ISA,2023-08-26,Closed
1036,348,SIPP,2025-03-23,Open
1037,683,SIPP,2025-01-13,Closed
1038,329,GIA,2023-01-24,Open
1039,965,ISA,2023-08-07,Closed
1040,53,ISA,2023-11-11,Open
1041,808,SIPP,2025-07-13,Open
1042,240,LISA,2023-02-15,Closed
1043,317,ISA,2025-05-02,Open
1044,424,ISA,2023-10-04,Closed
1045,519,GIA,2022-12-19,Open
1046,57,LISA,2022-11-26,Open
1047,94,ISA,2024-10-09,Closed
1048,805,SIPP,2023-09-27,Open
1049,504,GIA,2024-11-04,Open
1050,527,ISA,2023-06-16,Open
1051,736,SIPP,2023-07-03,Closed
1052,956,LISA,2022-12-12,Open
1053,217,GIA,2025-06-06,Open
1054,11,ISA,2024-03-03,Closed
1055,580,ISA,2025-03-20,Closed
1056,417,SIPP,2025-09-02,Closed
1057,98,ISA,2024-12-09,Closed
1058,799,LISA,2024-10-01,Open
1059,222,ISA,2025-08-17,Closed
1060,609,ISA,2023-12-23,Closed
1061,148,ISA,2024-11-03,Open
1062,730,LISA,2025-09-29,Closed
1063,573,SIPP,2025-08-05,Open
1064,186,SIPP,2024-05-27,Closed
1065,876,GIA,2025-06-11,Closed
1066,624,SIPP,2023-11-03,Closed
1067,131,LISA,2023-05-20,Closed
1068,158,ISA,2023-09-09,Open
1069,472,LISA,2025-10-01,Open
1070,637,ISA,2025-07-29,Closed
1071,976,ISA,2025-07-03,Closed
1072,144,GIA,2023-01-26,Open
1073,580,SIPP,2025-10-22,Closed
1074,916,SIPP,2023-09-13,Closed
1075,155,ISA,2025-06-29,Closed
1076,254,ISA,2023-04-12,Closed
1077,934,GIA,2025-02-21,Closed
1078,733,LISA,2023-06-10,Open
1079,879,ISA,2024-05-17,Closed
1080,283,LISA,2024-09-18,Open
1081,815,LISA,2024-09-19,Closed
1082,195,SIPP,2024-09-30,Closed
1083,987,GIA,2025-09-28,Open
1084,344,ISA,2025-04-12,Open
1085,107,LISA,2024-03-10,Open
1086,383,ISA,2025-07-01,Open
1087,208,LISA,2025-06-16,Closed
1088,722,SIPP,2023-07-08,Closed
1089,866,ISA,2024-01-18,Open
1090,732,ISA,2023-05-08,Closed
1091,571,ISA,2025-01-03,Open
1092,929,LISA,2023-02-21,Closed
1093,697,LISA,2023-09-30,Closed
1094,507,GIA,2024-05-29,Open
1095,204,GIA,2024-10-26,Open
1096,256,LISA,2025-09-10,Closed
1097,741,LISA,2023-11-11,Closed
1098,164,LISA,2023-02-28,Open
1099,176,GIA,2025-05-01,Open
1100,32,ISA,2025-01-05,Closed
1101,438,ISA,2025-09-22,Closed
1102,674,ISA,2023-07-14,Closed
1103,420,GIA,2023-11-06,Open
1104,820,LISA,2025-03-11,Open
1105,210,ISA,2024-03-20,Closed
1106,100,GIA,2025-06-06,Closed
1107,71,ISA,2023-11-12,Open
1108,543,GIA,2024-08-24,Closed
1109,494,ISA,2024-08-17,Closed
1110,571,LISA,2025-07-25,Closed
1111,2,SIPP,2023-05-25,Open
1112,526,LISA,2024-12-03,Open
1113,270,LISA,2025-10-26,Closed
1114,270,SIPP,2025-10-05,Open
1115,448,GIA,2023-09-07,Open
1116,793,ISA,2025-05-01,Open
1117,607,LISA,2022-11-19,Open
1118,302,GIA,2024-12-08,Open
1119,50,LISA,2025-09-22,Closed
1120,742,GIA,2023-05-06,Closed
1121,702,ISA,2023-01-29,Open
1122,768,GIA,2025-07-06,Open
1123,917,SIPP,2023-01-31,Closed
1124,821,GIA,2025-04-11,Open
1125,859,SIPP,2022-12-10,Open
1126,223,LISA,2025-04-07,Closed
1127,862,GIA,2025-07-01,Closed
1128,962,LISA,2024-08-10,Closed
1129,704,LISA,2024-11-27,Closed
1130,33,ISA,2024-07-06,Open
1131,209,SIPP,2023-01-18,Closed
1132,999,GIA,2024-07-16,Closed
1133,190,GIA,2024-06-29,Open
1134,112,LISA,2024-12-18,Open
1135,132,GIA,2024-01-02,Open
1136,754,SIPP,2025-10-26,Closed
1137,665,ISA,2025-02-21,Closed
1138,865,ISA,2025-09-14,Closed
1139,874,GIA,2024-10-01,Closed
1140,591,GIA,2024-05-07,Open
1141,46,ISA,2025-07-12,Open
1142,584,GIA,2024-09-27,Open
1143,153,GIA,2025-07-19,Open
1144,238,SIPP,2023-06-27,Open
1145,137,LISA,2023-03-11,Open
1146,244,GIA,2024-01-28,Open
1147,776,ISA,2023-02-08,Open
1148,906,LISA,2023-11-15,Open
1149,804,GIA,2025-03-27,Closed
1150,559,LISA,2024-09-16,Closed
1151,866,LISA,2023-11-14,Open
1152,909,LISA,2025-07-04,Closed
1153,762,ISA,2023-01-14,Closed
1154,323,ISA,2023-03-07,Closed
1155,291,GIA,2024-03-27,Closed
1156,696,ISA,2022-12-15,Closed
1157,109,SIPP,2025-05-23,Closed
1158,715,ISA,2025-01-17,Closed
1159,157,ISA,2024-07-09,Open
1160,115,GIA,2025-03-08,Closed
1161,700,LISA,2025-04-10,Closed
1162,147,LISA,2023-06-07,Closed
1163,419,ISA,2025-06-27,Closed
1164,937,ISA,2025-01-16,Open
1165,930,LISA,2024-09-21,Closed
1166,455,SIPP,2024-05-11,Open
1167,875,ISA,2024-10-30,Closed
1168,992,SIPP,2024-07-08,Open
1169,886,GIA,2023-11-20,Closed
1170,219,ISA,2025-09-02,Open
1171,863,GIA,2024-12-02,Closed
1172,254,SIPP,2023-08-03,Open
1173,60,LISA,2024-11-19,Closed
1174,435,SIPP,2022-11-28,Closed
1175,334,GIA,2025-07-28,Closed
1176,983,GIA,2024-10-10,Closed
1177,671,GIA,2023-12-03,Closed
1178,563,ISA,2024-12-03,Open
1179,322,SIPP,2025-07-06,Open
1180,122,LISA,2024-03-21,Open
1181,634,GIA,2023-11-15,Open
1182,103,LISA,2025-10-23,Closed
1183,407,GIA,2024-05-08,Closed
1184,928,LISA,2024-02-14,Open
1185,397,SIPP,2023-04-29,Closed
1186,226,ISA,2023-10-31,Open
1187,906,SIPP,2024-05-13,Open
1188,382,GIA,2023-03-01,Open
1189,119,LISA,2024-03-02,Closed
1190,573,GIA,2025-10-24,Open
1191,868,SIPP,2025-10-29,Open
1192,889,GIA,2024-12-11,Open
1193,465,ISA,2025-09-20,Open
1194,809,ISA,2023-05-14,Open
1195,652,ISA,2024-02-04,Open
1196,697,ISA,2025-04-17,Open
1197,802,ISA,2023-06-01,Open
1198,331,GIA,2023-01-18,Closed
1199,23,ISA,2023-05-28,Closed
1200,759,GIA,2023-05-30,Open
1201,725,LISA,2023-05-10,Open
1202,969,LISA,2024-10-01,Open
1203,97,GIA,2024-02-21,Open
1204,903,LISA,2023-05-21,Open
1205,492,GIA,2022-11-26,Closed
1206,337,GIA,2023-09-18,Closed
1207,714,ISA,2023-05-25,Closed
1208,157,ISA,2024-01-05,Open
1209,112,LISA,2025-04-20,Open
1210,850,GIA,2025-11-12,Open
1211,692,SIPP,2023-01-13,Open
1212,714,ISA,2024-02-19,Closed
1213,572,LISA,2023-09-28,Open
1214,588,SIPP,2024-03-03,Open
1215,567,ISA,2023-05-11,Closed
1216,629,ISA,2025-11-14,Closed
1217,329,ISA,2022-12-02,Open
1218,342,ISA,2022-12-04,Open
1219,338,ISA,2024-09-24,Closed
1220,284,SIPP,2023-06-09,Open
1221,518,LISA,2024-04-16,Open
1222,139,ISA,2025-01-03,Closed
1223,592,SIPP,2025-01-01,Open
1224,79,ISA,2024-04-18,Open
1225,882,GIA,2024-11-12,Open
1226,704,GIA,2023-04-11,Open
1227,662,ISA,2024-02-07,Open
1228,656,ISA,2024-06-18,Closed
1229,308,GIA,2025-09-25,Closed
1230,200,GIA,2024-08-20,Open
1231,772,SIPP,2023-11-05,Open
1232,407,LISA,2023-05-04,Open
1233,454,ISA,2023-07-02,Closed
1234,446,ISA,2023-03-31,Closed
1235,779,SIPP,2023-06-01,Closed
1236,794,SIPP,2025-04-24,Closed
1237,609,ISA,2024-05-02,Open
1238,528,SIPP,2023-09-25,Open
1239,565,SIPP,2024-05-07,Open
1240,146,LISA,2024-10-10,Open
1241,984,GIA,2023-09-05,Open
1242,251,ISA,2024-05-09,Closed
1243,153,LISA,2023-04-25,Closed
1244,335,LISA,2023-12-23,Open
1245,109,SIPP,2023-12-20,Closed
1246,675,LISA,2023-08-31,Closed
1247,950,LISA,2025-01-01,Closed
1248,688,ISA,2024-07-14,Closed
1249,442,LISA,2024-12-19,Closed
1250,338,ISA,2025-02-02,Closed
1251,106,GIA,2025-01-05,Open
1252,102,GIA,2025-03-23,Closed
1253,273,GIA,2022-12-01,Closed
1254,669,LISA,2023-10-02,Open
1255,675,LISA,2023-05-22,Closed
1256,764,ISA,2023-10-05,Closed
1257,111,GIA,2023-10-20,Closed
1258,746,LISA,2023-06-01,Closed
1259,227,ISA,2024-06-17,Open
1260,706,GIA,2025-11-14,Closed
1261,822,SIPP,2024-06-09,Closed
1262,305,GIA,2023-11-20,Open
1263,446,ISA,2023-09-17,Open
1264,276,SIPP,2023-06-01,Closed
1265,613,ISA,2024-05-15,Open
1266,197,LISA,2023-07-30,Open
1267,372,LISA,2025-04-25,Closed
1268,538,ISA,2025-02-26,Closed
1269,466,LISA,2024-11-16,Closed
1270,409,LISA,2025-10-31,Closed
1271,443,ISA,2025-05-10,Closed
1272,850,SIPP,2025-08-19,Open
1273,598,GIA,2023-09-20,Closed
1274,719,GIA,2023-07-12,Open
1275,517,SIPP,2024-10-30,Closed
1276,936,GIA,2023-04-16,Closed
1277,479,ISA,2024-04-30,Open
1278,186,LISA,2025-07-09,Closed
1279,147,SIPP,2024-02-23,Open
1280,106,LISA,2024-09-07,Closed
1281,355,ISA,2024-10-22,Open
1282,459,GIA,2025-05-23,Closed
1283,156,SIPP,2022-12-07,Open
1284,755,ISA,2025-08-10,Closed
1285,854,SIPP,2023-02-24,Open
1286,249,LISA,2023-02-18,Open
1287,706,SIPP,2024-03-24,Closed
1288,856,LISA,2025-05-22,Closed
1289,19,SIPP,2025-01-10,Closed
1290,23,LISA,2025-07-25,Closed
1291,661,ISA,2023-04-03,Closed
1292,932,ISA,2025-11-12,Open
1293,627,GIA,2023-05-21,Closed
1294,675,GIA,2022-12-11,Closed
1295,714,ISA,2024-12-13,Closed
1296,403,GIA,2024-01-10,Closed
1297,134,SIPP,2024-03-07,Open
1298,428,LISA,2024-03-31,Closed
1299,112,ISA,2025-02-01,Open
1300,124,ISA,2023-12-21,Closed
1301,194,LISA,2025-02-26,Open
1302,222,ISA,2025-03-14,Closed
1303,229,GIA,2024-10-31,Closed
1304,818,ISA,2024-03-21,Open
1305,245,ISA,2024-05-26,Closed
1306,415,ISA,2023-03-18,Closed
1307,148,ISA,2023-12-12,Closed
1308,447,GIA,2024-12-07,Closed
1309,730,LISA,2025-09-06,Open
1310,41,ISA,2024-02-20,Open
1311,677,LISA,2022-11-23,Open
1312,704,LISA,2023-11-03,Closed
1313,24,LISA,2025-01-19,Open
1314,972,ISA,2023-07-14,Open
1315,246,LISA,2022-12-20,Closed
1316,554,GIA,2024-11-16,Open
1317,342,GIA,2024-03-23,Open
1318,230,GIA,2025-11-01,Closed
1319,429,LISA,2024-10-12,Closed
1320,174,SIPP,2023-11-23,Open
1321,461,GIA,2023-04-02,Closed
1322,808,SIPP,2023-10-27,Closed
1323,101,ISA,2025-05-15,Closed
1324,260,SIPP,2025-07-26,Open
1325,116,SIPP,2025-04-11,Closed
1326,84,LISA,2024-12-08,Open
1327,222,GIA,2023-01-03,Closed
1328,170,GIA,2023-02-06,Closed
1329,183,ISA,2025-02-13,Closed
1330,3,ISA,2023-09-02,Closed
1331,312,ISA,2025-03-02,Closed
1332,871,LISA,2023-01-04,Open
1333,813,LISA,2023-02-16,Closed
1334,477,LISA,2025-04-21,Open
1335,308,LISA,2023-02-04,Open
1336,664,GIA,2024-08-26,Closed
1337,260,GIA,2024-12-03,Closed
1338,922,LISA,2023-05-26,Closed
1339,159,SIPP,2024-11-29,Closed
1340,352,ISA,2024-12-22,Closed
1341,211,ISA,2023-01-07,Open
1342,434,LISA,2024-01-26,Closed
1343,254,SIPP,2025-07-22,Closed
1344,431,ISA,2023-03-01,Closed
1345,867,ISA,2024-01-17,Closed
1346,625,SIPP,2024-04-27,Open
1347,254,LISA,2023-09-26,Closed
1348,877,ISA,2023-06-06,Closed
1349,941,SIPP,2023-07-10,Closed
1350,553,GIA,2024-11-21,Closed
1351,572,SIPP,2023-07-12,Open
1352,317,ISA,2024-05-17,Open
1353,333,LISA,2025-01-23,Open
1354,268,LISA,2025-11-08,Closed
1355,113,SIPP,2023-01-06,Open
1356,417,GIA,2025-01-04,Open
1357,527,LISA,2025-10-15,Closed
1358,563,SIPP,2023-06-18,Open
1359,623,LISA,2023-09-29,Open
1360,290,GIA,2025-01-31,Closed
1361,281,LISA,2023-08-11,Closed
1362,458,SIPP,2025-08-19,Closed
1363,83,GIA,2024-07-02,Closed
1364,269,GIA,2023-01-11,Closed
1365,615,SIPP,2024-10-30,Closed
1366,149,GIA,2023-03-04,Closed
1367,334,SIPP,2025-08-27,Open
1368,257,GIA,2023-10-27,Closed
1369,359,LISA,2023-04-13,Open
1370,858,LISA,2025-04-29,Closed
1371,399,LISA,2024-12-17,Closed
1372,569,SIPP,2025-09-07,Closed
1373,83,LISA,2025-07-05,Open
1374,789,GIA,2025-01-03,Closed
1375,204,GIA,2025-03-27,Closed
1376,390,GIA,2024-11-17,Open
1377,488,ISA,2025-03-06,Closed
1378,765,GIA,2025-04-13,Closed
1379,438,GIA,2024-10-19,Open
1380,354,LISA,2023-11-13,Closed
1381,476,SIPP,2023-10-27,Open
1382,99,ISA,2025-06-11,Closed
1383,360,SIPP,2024-01-04,Closed
1384,313,LISA,2023-02-03,Closed
1385,521,SIPP,2024-01-26,Closed
1386,670,GIA,2023-05-09,Closed
1387,120,SIPP,2024-01-24,Open
1388,135,ISA,2025-05-31,Open
1389,458,GIA,2024-02-24,Open
1390,401,SIPP,2025-05-23,Open
1391,754,SIPP,2023-12-15,Open
1392,553,ISA,2025-09-03,Open
1393,732,ISA,2023-05-01,Open
1394,119,ISA,2022-12-25,Closed
1395,363,ISA,2023-09-20,Open
1396,820,LISA,2023-04-18,Open
1397,443,ISA,2023-07-25,Open
1398,403,ISA,2024-12-18,Closed
1399,757,GIA,2024-12-29,Closed
1400,105,SIPP,2024-10-23,Open
1401,690,SIPP,2025-05-11,Open
1402,228,ISA,2023-02-17,Closed
1403,348,LISA,2025-08-12,Open
1404,873,GIA,2025-02-28,Open
1405,952,SIPP,2023-10-17,Open
1406,162,LISA,2024-11-08,Closed
1407,295,SIPP,2023-07-23,Open
1408,945,ISA,2025-04-10,Closed
1409,984,ISA,2025-01-31,Closed
1410,300,LISA,2022-11-26,Closed
1411,677,LISA,2025-01-24,Open
1412,587,LISA,2025-08-29,Closed
1413,885,ISA,2024-12-22,Open
1414,267,GIA,2023-08-02,Open
1415,255,GIA,2023-01-21,Closed
1416,392,SIPP,2025-11-03,Open
1417,118,GIA,2024-07-17,Closed
1418,319,LISA,2023-03-10,Open
1419,303,SIPP,2024-11-10,Closed
1420,833,SIPP,2023-03-27,Closed
1421,546,GIA,2025-05-01,Open
1422,241,ISA,2024-05-17,Open
1423,453,LISA,2025-03-10,Open
1424,201,LISA,2023-01-18,Open
1425,697,SIPP,2023-11-22,Closed
1426,774,GIA,2023-11-20,Closed
1427,625,LISA,2025-08-18,Open
1428,67,LISA,2023-07-26,Open
1429,416,LISA,2023-02-05,Open
1430,632,SIPP,2023-12-30,Closed
1431,842,LISA,2024-05-27,Closed
1432,269,GIA,2025-01-09,Open
1433,685,GIA,2024-01-06,Closed
1434,911,GIA,2022-12-11,Open
1435,227,LISA,2023-03-26,Closed
1436,36,LISA,2024-05-31,Open
1437,945,LISA,2024-09-07,Open
1438,433,SIPP,2023-04-10,Open
1439,437,SIPP,2023-12-12,Open
1440,897,GIA,2024-11-16,Closed
1441,520,LISA,2022-11-28,Closed
1442,880,GIA,2025-05-25,Closed
1443,603,LISA,2022-12-26,Closed
1444,742,LISA,2024-08-17,Open
1445,446,GIA,2024-11-22,Closed
1446,536,LISA,2025-04-28,Open
1447,155,SIPP,2025-11-10,Open
1448,59,LISA,2024-12-06,Open
1449,798,GIA,2024-11-18,Open
1450,573,SIPP,2024-11-25,Open
1451,760,LISA,2025-10-01,Open
1452,328,SIPP,2024-08-19,Open
1453,47,SIPP,2023-07-15,Open
1454,467,ISA,2024-02-29,Open
1455,100,GIA,2024-03-06,Closed
1456,754,LISA,2024-01-24,Open
1457,340,LISA,2022-11-27,Closed
1458,33,LISA,2023-09-17,Closed
1459,891,GIA,2023-01-19,Open
1460,190,LISA,2024-12-27,Closed
1461,942,LISA,2023-09-10,Open
1462,870,GIA,2024-03-25,Closed
1463,783,GIA,2023-02-15,Closed
1464,285,SIPP,2023-04-17,Open
1465,944,ISA,2025-03-27,Closed
1466,579,GIA,2025-07-19,Closed
1467,403,GIA,2025-02-28,Open
1468,793,SIPP,2024-05-07,Closed
1469,592,LISA,2024-09-27,Closed
1470,380,SIPP,2025-01-19,Open
1471,275,ISA,2024-08-09,Open
1472,625,LISA,2024-08-02,Open
1473,907,SIPP,2023-06-07,Closed
1474,924,LISA,2024-03-30,Closed
1475,735,GIA,2023-10-27,Open
1476,665,ISA,2023-05-21,Closed
1477,816,LISA,2025-06-06,Closed
1478,699,ISA,2023-05-06,Closed
1479,185,ISA,2025-10-12,Closed
1480,268,ISA,2025-10-10,Open
1481,316,SIPP,2023-04-23,Closed
1482,356,GIA,2023-01-12,Open
1483,585,ISA,2022-11-27,Closed
1484,927,LISA,2023-03-24,Open
1485,131,LISA,2023-01-01,Closed
1486,15,LISA,2023-03-07,Open
1487,505,LISA,2024-09-17,Closed
1488,273,GIA,2025-10-17,Open
1489,252,LISA,2024-09-01,Closed
1490,576,ISA,2025-09-25,Open
1491,706,SIPP,2025-10-05,Closed
1492,903,ISA,2025-02-15,Open
1493,697,ISA,2025-02-13,Closed
1494,884,LISA,2023-02-20,Open
1495,994,SIPP,2024-12-28,Closed
1496,991,ISA,2023-07-22,Open
1497,773,LISA,2025-03-27,Closed
1498,269,LISA,2023-12-28,Closed
1499,663,ISA,2023-09-03,Closed
1500,733,ISA,2025-03-20,Open
1501,759,SIPP,2023-08-20,Open
1502,389,ISA,2025-10-16,Open
1503,201,LISA,2025-08-03,Open
1504,633,SIPP,2025-05-31,Closed
1505,60,SIPP,2023-05-28,Closed
1506,250,SIPP,2025-04-14,Open
1507,405,SIPP,2024-03-17,Closed
1508,975,ISA,2025-01-07,Open
1509,650,SIPP,2025-03-28,Open
1510,456,ISA,2024-06-29,Open
1511,651,ISA,2023-07-28,Closed
1512,703,LISA,2023-11-24,Closed
1513,685,SIPP,2023-05-21,Closed
1514,500,LISA,2023-09-29,Closed
1515,708,GIA,2025-09-28,Open
1516,833,GIA,2023-07-13,Closed
1517,548,ISA,2022-12-15,Open
1518,605,SIPP,2025-06-25,Open
1519,903,SIPP,2025-07-15,Closed
1520,632,LISA,2024-12-07,Open
1521,263,GIA,2023-06-12,Closed
1522,891,SIPP,2024-03-26,Open
1523,91,GIA,2024-03-22,Open
1524,983,LISA,2025-07-22,Open
1525,284,GIA,2025-03-08,Closed
1526,677,LISA,2023-07-22,Open
1527,352,ISA,2023-04-04,Closed
1528,353,LISA,2024-03-20,Closed
1529,368,SIPP,2023-12-14,Closed
1530,281,ISA,2025-09-10,Closed
1531,655,ISA,2024-12-07,Closed
1532,697,GIA,2023-06-22,Closed
1533,656,GIA,2023-07-16,Open
1534,191,SIPP,2024-10-01,Closed
1535,750,SIPP,2023-02-12,Closed
1536,770,SIPP,2023-05-08,Closed
1537,451,ISA,2023-10-04,Closed
1538,786,LISA,2023-12-14,Open
1539,794,GIA,2025-07-15,Open
1540,641,SIPP,2023-10-16,Closed
1541,586,ISA,2023-03-17,Open
1542,484,GIA,2024-12-23,Open
1543,148,LISA,2023-10-27,Closed
1544,271,ISA,2023-05-01,Open
1545,810,SIPP,2023-05-26,Open
1546,488,LISA,2025-08-05,Closed
1547,720,GIA,2024-04-16,Open
1548,676,SIPP,2024-04-17,Open
1549,889,ISA,2023-10-28,Open
1550,360,ISA,2024-04-08,Open
1551,493,ISA,2023-04-27,Closed
1552,640,SIPP,2023-10-03,Closed
1553,966,ISA,2025-03-01,Closed
1554,812,ISA,2024-02-06,Open
1555,724,ISA,2024-11-25,Open
1556,823,SIPP,2023-01-31,Closed
1557,375,SIPP,2023-09-04,Closed
1558,27,GIA,2024-08-26,Open
1559,111,ISA,2023-10-08,Open
1560,56,LISA,2023-02-08,Open
1561,20,LISA,2023-03-19,Open
1562,174,ISA,2025-11-05,Open
1563,26,LISA,2024-03-08,Closed
1564,128,SIPP,2022-12-24,Closed
1565,358,SIPP,2025-04-27,Open
1566,48,LISA,2023-05-23,Open
1567,236,GIA,2024-08-19,Open
1568,153,SIPP,2023-02-23,Open
1569,841,ISA,2023-09-28,Closed
1570,679,LISA,2022-12-01,Open
1571,330,LISA,2023-10-16,Open
1572,869,LISA,2023-10-01,Open
1573,258,LISA,2023-11-28,Open
1574,752,SIPP,2024-06-03,Open
1575,353,LISA,2025-10-31,Closed
1576,646,LISA,2023-03-11,Open
1577,885,SIPP,2023-11-11,Closed
1578,813,LISA,2023-02-24,Closed
1579,57,GIA,2024-08-01,Open
1580,148,SIPP,2023-06-28,Open
1581,797,ISA,2024-02-02,Closed
1582,133,GIA,2024-10-11,Closed
1583,494,GIA,2025-09-12,Closed
1584,922,ISA,2024-02-05,Closed
1585,638,GIA,2024-10-15,Open
1586,536,ISA,2023-05-30,Closed
1587,397,SIPP,2024-11-10,Open
1588,326,SIPP,2024-11-19,Open
1589,682,ISA,2023-02-25,Open
1590,789,GIA,2023-02-08,Closed
1591,406,SIPP,2024-02-13,Open
1592,261,LISA,2023-04-22,Closed
1593,305,LISA,2023-12-24,Closed
1594,735,LISA,2024-05-02,Closed
1595,899,SIPP,2023-02-15,Open
1596,477,GIA,2023-07-04,Open
1597,183,SIPP,2023-01-08,Closed
1598,841,GIA,2024-10-10,Closed
1599,84,SIPP,2025-10-12,Closed
1600,187,LISA,2023-08-23,Open
1601,375,GIA,2023-12-12,Closed
1602,828,GIA,2023-06-15,Open
1603,943,GIA,2025-05-03,Open
1604,645,ISA,2023-01-15,Open
1605,106,ISA,2025-05-23,Closed
1606,612,GIA,2023-02-08,Closed
1607,439,GIA,2025-10-18,Closed
1608,972,ISA,2024-12-10,Open
1609,500,GIA,2024-09-10,Open
1610,498,ISA,2022-12-04,Closed
1611,256,GIA,2022-12-26,Open
1612,360,SIPP,2024-09-07,Closed
1613,619,ISA,2023-02-03,Open
1614,373,ISA,2024-05-12,Open
1615,2,GIA,2024-02-09,Closed
1616,215,GIA,2024-03-03,Open
1617,241,ISA,2023-07-13,Open
1618,25,LISA,2024-02-21,Closed
1619,629,GIA,2024-07-16,Closed
1620,103,SIPP,2023-12-17,Closed
1621,706,SIPP,2023-12-24,Closed
1622,712,LISA,2024-11-17,Closed
1623,478,LISA,2025-01-08,Open
1624,186,SIPP,2023-01-06,Closed
1625,143,SIPP,2024-11-08,Open
1626,348,ISA,2023-03-17,Closed
1627,601,ISA,2024-01-25,Closed
1628,672,ISA,2024-10-19,Closed
1629,873,GIA,2023-12-30,Closed
1630,89,SIPP,2023-09-29,Closed
1631,479,GIA,2023-08-17,Closed
1632,833,GIA,2023-01-22,Closed
1633,970,SIPP,2024-01-11,Closed
1634,820,GIA,2023-07-11,Open
1635,998,ISA,2025-08-17,Open
1636,790,LISA,2023-12-04,Closed
1637,495,ISA,2024-07-22,Closed
1638,829,SIPP,2025-07-07,Closed
1639,503,LISA,2024-09-02,Open
1640,389,SIPP,2024-04-06,Open
1641,296,GIA,2025-02-20,Closed
1642,991,ISA,2023-10-29,Closed
1643,440,GIA,2024-08-10,Closed
1644,325,LISA,2024-09-13,Open
1645,158,LISA,2023-04-27,Open
1646,421,GIA,2023-11-24,Open
1647,755,ISA,2024-06-10,Open
1648,156,ISA,2025-11-04,Closed
1649,731,LISA,2023-07-15,Open
1650,168,ISA,2024-03-24,Open
1651,375,ISA,2023-05-02,Open
1652,488,SIPP,2024-01-31,Open
1653,739,LISA,2023-09-07,Closed
1654,650,GIA,2025-06-30,Open
1655,360,ISA,2025-06-02,Open
1656,850,ISA,2025-04-15,Open
1657,552,LISA,2023-03-29,Open
1658,626,GIA,2023-09-15,Closed
1659,834,GIA,2024-04-02,Closed
1660,87,GIA,2024-10-21,Open
1661,436,GIA,2024-02-14,Closed
1662,241,GIA,2024-03-31,Open
1663,352,GIA,2024-08-05,Closed
1664,684,SIPP,2023-03-22,Closed
1665,86,LISA,2024-10-22,Closed
1666,236,GIA,2022-11-27,Closed
1667,963,GIA,2024-09-15,Closed
1668,860,SIPP,2023-09-20,Open
1669,398,LISA,2022-12-27,Open
1670,599,LISA,2023-11-25,Closed
1671,634,GIA,2024-08-01,Open
1672,302,GIA,2023-12-25,Closed
1673,756,ISA,2025-08-28,Open
1674,404,ISA,2025-09-05,Open
1675,560,ISA,2024-06-27,Open
1676,124,SIPP,2025-05-23,Closed
1677,62,GIA,2024-01-05,Open
1678,387,GIA,2024-11-12,Open
1679,81,ISA,2025-03-22,Closed
1680,234,SIPP,2024-12-19,Open
1681,589,LISA,2023-01-02,Open
1682,487,ISA,2024-12-31,Closed
1683,333,ISA,2025-03-09,Open
1684,995,GIA,2023-05-01,Closed
1685,285,ISA,2024-12-12,Closed
1686,82,SIPP,2023-01-28,Open
1687,827,SIPP,2025-10-26,Open
1688,602,GIA,2025-07-28,Open
1689,586,LISA,2023-04-16,Open
1690,281,SIPP,2024-10-05,Open
1691,569,LISA,2023-05-21,Closed
1692,456,GIA,2025-09-28,Open
1693,152,GIA,2024-10-08,Closed
1694,231,GIA,2023-11-01,Closed
1695,367,LISA,2024-03-06,Open
1696,240,LISA,2023-12-17,Closed
1697,537,GIA,2024-12-21,Open
1698,479,GIA,2023-01-23,Open
1699,269,SIPP,2023-12-03,Closed
1700,621,LISA,2022-12-22,Closed
1701,738,SIPP,2024-04-05,Open
1702,950,ISA,2023-02-02,Open
1703,293,LISA,2025-10-30,Closed
1704,693,SIPP,2025-02-18,Closed
1705,605,LISA,2024-06-22,Open
1706,79,LISA,2024-04-06,Open
1707,194,SIPP,2023-06-13,Open
1708,779,ISA,2023-08-11,Closed
1709,234,LISA,2024-05-20,Open
1710,354,GIA,2024-03-09,Open
1711,466,SIPP,2023-01-12,Open
1712,393,LISA,2023-12-27,Open
1713,47,GIA,2024-07-17,Closed
1714,615,GIA,2024-07-18,Open
1715,481,SIPP,2023-08-10,Closed
1716,541,SIPP,2023-08-07,Open
1717,937,ISA,2024-03-11,Open
1718,585,GIA,2023-11-13,Closed
1719,712,GIA,2025-07-03,Closed
1720,161,LISA,2024-09-08,Closed
1721,179,SIPP,2024-02-10,Open
1722,810,ISA,2024-06-10,Closed
1723,849,ISA,2024-03-21,Closed
1724,46,GIA,2024-09-07,Closed
1725,97,ISA,2023-05-30,Closed
1726,164,ISA,2025-03-11,Open
1727,628,SIPP,2024-02-12,Open
1728,199,SIPP,2023-11-27,Open
1729,53,LISA,2025-08-19,Closed
1730,603,LISA,2022-12-22,Open
1731,707,GIA,2023-04-21,Open
1732,20,ISA,2023-05-21,Closed
1733,687,GIA,2023-07-29,Closed
1734,850,ISA,2023-04-30,Open
1735,605,LISA,2024-02-26,Closed
1736,196,GIA,2025-10-29,Open
1737,189,SIPP,2023-11-06,Closed
1738,570,LISA,2023-05-11,Open
1739,960,ISA,2024-09-01,Closed
1740,832,ISA,2025-01-25,Open
1741,147,LISA,2022-12-31,Closed
1742,599,LISA,2023-03-29,Open
1743,71,ISA,2022-12-16,Open
1744,421,GIA,2024-05-22,Closed
1745,501,SIPP,2023-03-09,Open
1746,605,ISA,2025-10-21,Open
1747,494,ISA,2025-09-07,Open
1748,406,SIPP,2025-01-14,Open
1749,36,ISA,2023-02-02,Open
1750,133,ISA,2025-01-11,Closed
1751,643,SIPP,2025-08-10,Closed
1752,643,ISA,2025-07-06,Open
1753,650,SIPP,2025-03-28,Open
1754,370,SIPP,2022-12-01,Open
1755,527,GIA,2023-01-18,Closed
1756,456,LISA,2023-02-19,Closed
1757,545,GIA,2023-11-29,Closed
1758,471,GIA,2023-08-18,Closed
1759,930,LISA,2024-09-16,Open
1760,681,SIPP,2024-10-06,Closed
1761,213,ISA,2023-04-03,Open
1762,766,LISA,2025-05-27,Open
1763,195,LISA,2024-10-08,Open
1764,243,ISA,2025-08-12,Closed
1765,472,LISA,2025-03-30,Closed
1766,118,ISA,2023-04-16,Closed
1767,947,ISA,2025-04-18,Closed
1768,610,ISA,2025-06-02,Closed
1769,999,SIPP,2025-01-14,Open
1770,267,ISA,2024-08-16,Open
1771,115,ISA,2025-05-08,Open
1772,462,SIPP,2024-08-07,Closed
1773,665,ISA,2024-01-24,Open
1774,143,LISA,2024-10-20,Open
1775,723,GIA,2023-01-07,Closed
1776,315,GIA,2023-05-23,Open
1777,640,GIA,2024-06-20,Open
1778,911,GIA,2024-09-14,Closed
1779,116,GIA,2025-09-04,Open
1780,840,SIPP,2023-06-27,Open
1781,997,ISA,2023-10-23,Open
1782,710,ISA,2024-10-07,Open
1783,709,ISA,2024-11-28,Open
1784,156,GIA,2024-11-05,Open
1785,869,LISA,2024-03-17,Open
1786,86,SIPP,2024-05-09,Open
1787,237,ISA,2025-04-12,Open
1788,51,GIA,2024-03-24,Open
1789,782,GIA,2024-12-01,Open
1790,916,LISA,2024-05-29,Closed
1791,681,SIPP,2025-02-16,Open
1792,129,GIA,2025-01-14,Open
1793,191,ISA,2025-01-04,Closed
1794,409,ISA,2024-07-22,Open
1795,683,ISA,2025-10-24,Open
1796,139,GIA,2025-07-19,Closed
1797,949,LISA,2023-04-24,Closed
1798,291,SIPP,2023-09-17,Closed
1799,970,SIPP,2023-01-25,Open
1800,325,LISA,2024-11-02,Closed
1801,427,ISA,2023-12-23,Open
1802,306,LISA,2024-02-23,Closed
1803,921,SIPP,2023-10-13,Closed
1804,394,GIA,2024-02-11,Closed
1805,234,SIPP,2025-02-05,Closed
1806,242,SIPP,2023-10-20,Open
1807,165,LISA,2024-03-28,Closed
1808,417,SIPP,2024-09-29,Open
1809,150,SIPP,2024-12-02,Closed
1810,951,SIPP,2025-09-21,Open
1811,97,LISA,2025-10-27,Closed
1812,510,SIPP,2025-02-20,Closed
1813,276,GIA,2025-01-04,Closed
1814,24,LISA,2025-04-10,Closed
1815,861,GIA,2025-09-30,Open
1816,323,LISA,2025-08-25,Closed
1817,931,ISA,2024-03-04,Open
1818,736,ISA,2025-01-31,Closed
1819,759,SIPP,2024-01-07,Open
1820,561,LISA,2023-12-06,Open
1821,656,GIA,2025-03-07,Open
1822,603,GIA,2025-10-06,Open
1823,59,ISA,2025-04-09,Open
1824,588,LISA,2024-11-04,Open
1825,701,SIPP,2023-12-02,Open
1826,955,GIA,2024-12-31,Closed
1827,742,GIA,2025-06-20,Open
1828,216,GIA,2023-04-15,Closed
1829,994,SIPP,2025-04-27,Closed
1830,699,LISA,2025-08-17,Closed
1831,311,ISA,2023-09-16,Open
1832,45,LISA,2025-07-16,Open
1833,550,ISA,2023-10-06,Closed
1834,947,GIA,2023-05-03,Open
1835,518,ISA,2024-10-10,Open
1836,67,LISA,2025-06-17,Open
1837,146,ISA,2025-05-19,Open
1838,332,LISA,2023-05-07,Closed
1839,141,LISA,2024-03-08,Closed
1840,287,GIA,2023-04-15,Open
1841,460,GIA,2023-12-17,Open
1842,192,SIPP,2025-02-07,Open
1843,183,LISA,2025-05-17,Closed
1844,624,ISA,2023-04-04,Closed
1845,39,LISA,2024-01-24,Closed
1846,915,ISA,2024-08-05,Closed
1847,631,SIPP,2024-06-13,Closed
1848,748,GIA,2024-03-16,Open
1849,463,SIPP,2024-02-10,Closed
1850,805,LISA,2023-10-07,Open
1851,953,SIPP,2024-11-03,Closed
1852,365,LISA,2024-11-15,Closed
1853,711,GIA,2024-05-07,Open
1854,579,ISA,2024-11-03,Closed
1855,721,SIPP,2023-12-25,Closed
1856,934,GIA,2025-04-11,Closed
1857,465,GIA,2023-01-19,Closed
1858,393,ISA,2024-07-12,Closed
1859,336,LISA,2023-02-07,Open
1860,374,LISA,2025-04-18,Closed
1861,384,LISA,2023-07-06,Closed
1862,318,SIPP,2023-10-31,Open
1863,58,LISA,2023-09-21,Closed
1864,129,GIA,2024-03-01,Closed
1865,375,ISA,2025-06-01,Open
1866,161,ISA,2024-07-09,Open
1867,460,LISA,2023-12-01,Closed
1868,961,ISA,2024-08-03,Closed
1869,923,GIA,2024-02-11,Open
1870,157,ISA,2024-08-26,Open
1871,5,SIPP,2023-02-07,Closed
1872,29,ISA,2024-02-25,Closed
1873,694,GIA,2025-02-18,Open
1874,271,LISA,2023-07-24,Closed
1875,20,GIA,2023-10-20,Closed
1876,896,GIA,2023-08-01,Closed
1877,967,LISA,2025-10-01,Closed
1878,86,SIPP,2023-05-09,Open
1879,211,LISA,2024-06-24,Open
1880,349,SIPP,2025-09-08,Closed
1881,365,SIPP,2023-06-02,Closed
1882,803,GIA,2024-04-19,Closed
1883,3,LISA,2025-04-29,Closed
1884,382,SIPP,2025-07-14,Closed
1885,742,ISA,2025-10-19,Open
1886,688,LISA,2025-01-23,Closed
1887,511,GIA,2023-12-17,Open
1888,506,ISA,2025-07-11,Open
1889,948,SIPP,2024-06-12,Open
1890,733,SIPP,2023-02-19,Closed
1891,56,LISA,2024-11-25,Open
1892,374,GIA,2025-07-17,Closed
1893,360,ISA,2023-04-18,Closed
1894,808,GIA,2024-04-24,Closed
1895,94,SIPP,2023-09-29,Closed
1896,547,ISA,2024-06-18,Open
1897,82,LISA,2023-03-18,Closed
1898,406,ISA,2024-05-24,Open
1899,24,LISA,2025-10-01,Open
1900,808,LISA,2024-02-08,Closed
1901,425,ISA,2025-11-13,Open
1902,816,ISA,2025-07-25,Open
1903,705,LISA,2023-07-22,Open
1904,265,ISA,2023-08-23,Open
1905,900,LISA,2024-08-24,Closed
1906,763,GIA,2025-09-06,Closed
1907,796,SIPP,2025-06-17,Open
1908,311,GIA,2025-10-17,Open
1909,693,GIA,2025-01-13,Closed
1910,983,SIPP,2025-01-02,Closed
1911,410,GIA,2024-12-21,Closed
1912,127,ISA,2024-05-15,Open
1913,554,LISA,2023-03-01,Open
1914,994,ISA,2024-01-26,Closed
1915,519,GIA,2023-09-28,Closed
1916,715,ISA,2023-05-02,Closed
1917,507,GIA,2024-02-26,Closed
1918,57,ISA,2024-11-07,Closed
1919,904,GIA,2024-06-27,Open
1920,349,GIA,2025-05-02,Closed
1921,830,GIA,2023-03-07,Closed
1922,272,GIA,2025-06-19,Open
1923,256,LISA,2025-08-23,Open
1924,759,SIPP,2024-12-14,Closed
1925,402,ISA,2023-12-25,Closed
1926,69,ISA,2023-06-07,Open
1927,537,ISA,2025-03-03,Open
1928,706,GIA,2023-05-07,Closed
1929,284,LISA,2025-07-25,Open
1930,487,SIPP,2025-05-09,Open
1931,601,LISA,2025-04-09,Open
1932,155,ISA,2024-07-02,Closed
1933,126,LISA,2024-07-02,Closed
1934,427,SIPP,2025-06-17,Closed
1935,322,ISA,2023-04-12,Closed
1936,734,GIA,2025-10-04,Open
1937,146,LISA,2024-10-19,Open
1938,880,ISA,2025-11-07,Closed
1939,810,SIPP,2022-11-26,Open
1940,820,SIPP,2023-05-09,Closed
1941,702,LISA,2023-07-15,Closed
1942,673,GIA,2023-12-22,Closed
1943,875,ISA,2023-10-26,Closed
1944,716,LISA,2023-11-17,Closed
1945,173,ISA,2025-02-15,Open
1946,341,LISA,2025-05-10,Open
1947,378,LISA,2023-04-12,Open
1948,511,GIA,2023-12-04,Closed
1949,927,LISA,2025-07-31,Closed
1950,311,ISA,2025-10-24,Closed
1951,921,SIPP,2025-01-18,Closed
1952,591,ISA,2025-10-17,Closed
1953,227,LISA,2023-08-19,Open
1954,945,LISA,2022-12-08,Open
1955,644,SIPP,2022-11-16,Open
1956,103,SIPP,2024-02-09,Closed
1957,545,GIA,2024-05-12,Open
1958,728,GIA,2023-09-20,Closed
1959,537,SIPP,2025-09-08,Closed
1960,584,ISA,2024-08-16,Closed
1961,655,SIPP,2024-01-18,Closed
1962,480,ISA,2024-01-09,Closed
1963,133,ISA,2024-05-06,Open
1964,909,GIA,2023-07-07,Open
1965,439,GIA,2024-07-01,Open
1966,307,ISA,2025-06-09,Closed
1967,274,LISA,2025-03-24,Closed
1968,547,SIPP,2024-11-29,Closed
1969,912,LISA,2025-10-10,Closed
1970,569,SIPP,2024-07-03,Open
1971,474,SIPP,2023-11-15,Open
1972,671,SIPP,2025-11-12,Closed
1973,312,SIPP,2023-11-24,Closed
1974,726,ISA,2025-04-06,Closed
1975,800,GIA,2024-10-04,Closed
1976,887,GIA,2025-07-19,Open
1977,314,GIA,2025-03-04,Open
1978,422,LISA,2024-02-09,Open
1979,192,ISA,2023-06-26,Open
1980,637,ISA,2025-05-30,Closed
1981,378,ISA,2023-11-10,Open
1982,219,GIA,2023-04-22,Open
1983,572,SIPP,2023-01-17,Closed
1984,69,GIA,2024-10-12,Open
1985,363,ISA,2025-04-17,Open
1986,294,SIPP,2023-12-25,Open
1987,291,GIA,2025-09-22,Open
1988,403,GIA,2024-02-15,Open
1989,741,SIPP,2025-11-08,Closed
1990,848,SIPP,2025-09-08,Closed
1991,271,ISA,2024-08-23,Closed
1992,141,SIPP,2024-01-28,Closed
1993,568,GIA,2024-04-14,Closed
1994,309,LISA,2024-04-19,Open
1995,284,SIPP,2024-06-30,Closed
1996,713,ISA,2025-10-26,Closed
1997,941,GIA,2024-12-18,Open
1998,378,LISA,2024-11-02,Closed
1999,902,SIPP,2024-08-31,Closed
2000,975,ISA,2023-12-26,Open
2001,447,SIPP,2024-07-25,Open
2002,255,ISA,2023-06-05,Open
2003,598,SIPP,2024-08-18,Open
2004,364,ISA,2023-09-10,Closed
2005,778,SIPP,2025-02-10,Closed
2006,259,ISA,2023-07-16,Open
2007,632,LISA,2023-06-15,Open
2008,342,ISA,2023-05-29,Open
2009,453,LISA,2024-05-08,Open
2010,277,LISA,2023-07-11,Open
2011,684,GIA,2023-07-13,Closed
2012,80,GIA,2023-01-24,Closed
2013,951,GIA,2025-06-19,Closed
2014,654,SIPP,2024-06-20,Closed
2015,636,ISA,2024-04-25,Closed
2016,696,SIPP,2022-11-19,Open
2017,398,LISA,2023-05-09,Open
2018,78,GIA,2024-07-02,Open
2019,91,LISA,2024-11-25,Open
2020,599,ISA,2024-11-18,Closed
2021,778,ISA,2025-09-11,Open
2022,661,ISA,2023-05-28,Closed
2023,166,ISA,2023-07-03,Open
2024,537,SIPP,2024-02-28,Open
2025,127,ISA,2023-08-04,Closed
2026,781,ISA,2023-01-09,Closed
2027,345,SIPP,2023-09-21,Closed
2028,744,ISA,2023-06-07,Open
2029,734,GIA,2023-06-16,Open
2030,279,GIA,2024-05-09,Open
2031,959,SIPP,2024-02-24,Open
2032,353,ISA,2025-05-13,Open
2033,275,ISA,2023-01-10,Open
2034,464,ISA,2023-09-05,Closed
2035,512,SIPP,2023-07-07,Closed
2036,745,ISA,2023-06-12,Open
2037,733,GIA,2024-02-11,Open
2038,238,SIPP,2024-07-31,Closed
2039,250,LISA,2024-01-21,Open
2040,951,SIPP,2025-05-03,Closed
2041,724,GIA,2025-01-14,Closed
2042,303,ISA,2022-12-01,Closed
2043,611,SIPP,2023-05-10,Closed
2044,80,LISA,2024-12-31,Open
2045,85,ISA,2024-07-04,Closed
2046,133,LISA,2025-06-04,Closed
2047,681,SIPP,2025-06-18,Open
2048,669,SIPP,2024-04-09,Open
2049,207,LISA,2025-01-05,Open
2050,981,GIA,2025-07-08,Closed
2051,635,GIA,2025-03-04,Closed
2052,569,GIA,2024-06-15,Open
2053,367,LISA,2023-04-23,Closed
2054,809,GIA,2024-08-02,Open
2055,260,SIPP,2025-01-12,Open
2056,478,LISA,2023-01-12,Closed
2057,174,GIA,2023-06-20,Open
2058,94,ISA,2023-05-01,Open
2059,873,GIA,2023-12-15,Closed
2060,583,SIPP,2024-09-14,Closed
2061,634,GIA,2024-03-17,Open
2062,370,SIPP,2025-06-11,Closed
2063,58,SIPP,2025-01-06,Open
2064,176,LISA,2023-11-15,Open
2065,424,GIA,2025-05-21,Closed
2066,807,LISA,2024-04-29,Closed
2067,393,ISA,2024-02-13,Closed
2068,58,SIPP,2025-04-24,Open
2069,333,ISA,2023-02-11,Open
2070,142,SIPP,2025-08-24,Open
2071,356,GIA,2024-03-22,Open
2072,43,LISA,2023-05-05,Closed
2073,991,LISA,2023-01-23,Open
2074,725,GIA,2023-11-19,Closed
2075,267,GIA,2024-12-05,Open
2076,548,SIPP,2023-03-18,Closed
2077,690,ISA,2024-10-22,Open
2078,767,ISA,2023-02-16,Open
2079,204,ISA,2025-05-08,Closed
2080,191,ISA,2023-04-16,Open
2081,616,GIA,2023-02-28,Closed
2082,974,ISA,2023-06-12,Closed
2083,100,SIPP,2025-08-26,Closed
2084,970,SIPP,2023-11-11,Open
2085,756,ISA,2023-01-17,Open
2086,160,ISA,2024-09-25,Closed
2087,521,LISA,2025-10-19,Closed
2088,208,GIA,2024-08-30,Closed
2089,647,SIPP,2025-06-21,Closed
2090,879,LISA,2024-08-17,Open
2091,684,ISA,2024-11-16,Open
2092,529,SIPP,2023-07-04,Open
2093,929,ISA,2023-12-18,Closed
2094,994,GIA,2022-12-30,Closed
2095,505,LISA,2023-05-01,Closed
2096,396,ISA,2025-03-22,Closed
2097,292,LISA,2024-03-04,Closed
2098,338,SIPP,2024-01-05,Open
2099,608,GIA,2023-07-27,Open
2100,958,SIPP,2023-10-04,Closed
2101,223,GIA,2024-09-24,Open
2102,49,SIPP,2025-06-11,Closed
2103,688,LISA,2022-11-26,Closed
2104,66,SIPP,2024-04-30,Closed
2105,182,SIPP,2023-12-07,Open
2106,964,LISA,2024-07-15,Open
2107,998,SIPP,2023-10-20,Open
2108,843,SIPP,2023-08-05,Open
2109,936,LISA,2025-04-25,Closed
2110,275,LISA,2025-05-05,Closed
2111,563,ISA,2024-10-12,Open
2112,555,SIPP,2025-05-07,Closed
2113,861,LISA,2024-07-05,Open
2114,206,SIPP,2025-03-02,Open
2115,426,LISA,2025-02-20,Open
2116,861,ISA,2023-12-04,Closed
2117,170,ISA,2024-04-21,Closed
2118,502,SIPP,2025-01-29,Closed
2119,344,GIA,2025-07-29,Open
2120,892,GIA,2023-12-23,Open
2121,856,SIPP,2024-05-28,Open
2122,368,LISA,2024-12-02,Closed
2123,989,LISA,2024-05-18,Closed
2124,2,SIPP,2024-04-17,Open
2125,71,GIA,2024-01-10,Closed
2126,459,GIA,2025-09-30,Closed
2127,379,SIPP,2024-06-29,Closed
2128,902,ISA,2024-08-01,Closed
2129,533,SIPP,2024-06-04,Closed
2130,164,LISA,2023-11-22,Open
2131,520,ISA,2025-06-06,Open
2132,349,ISA,2024-07-24,Open
2133,706,GIA,2024-09-23,Closed
2134,85,LISA,2024-03-15,Closed
2135,270,ISA,2024-01-04,Open
2136,333,LISA,2024-01-12,Closed
2137,616,GIA,2024-07-06,Open
2138,224,GIA,2024-09-29,Closed
2139,568,GIA,2025-06-26,Closed
2140,45,ISA,2023-04-09,Open
2141,342,SIPP,2023-10-09,Closed
2142,224,LISA,2023-10-21,Closed
2143,31,LISA,2024-09-18,Open
2144,51,ISA,2025-08-01,Closed
2145,286,ISA,2024-09-11,Open
2146,572,LISA,2024-10-19,Open
2147,102,LISA,2023-04-14,Closed
2148,762,LISA,2025-10-03,Open
2149,164,ISA,2023-06-05,Closed
2150,714,SIPP,2025-10-30,Open
2151,178,GIA,2023-08-24,Open
2152,285,GIA,2024-02-01,Open
2153,255,ISA,2023-06-13,Open
2154,19,LISA,2025-10-14,Open
2155,714,LISA,2023-04-13,Open
2156,798,SIPP,2025-07-22,Open
2157,133,LISA,2023-12-09,Closed
2158,440,SIPP,2025-10-04,Closed
2159,965,SIPP,2025-05-05,Closed
2160,534,LISA,2023-11-15,Open
2161,111,GIA,2023-07-09,Open
2162,41,GIA,2024-09-21,Closed
2163,366,GIA,2023-12-23,Open
2164,306,ISA,2024-06-05,Closed
2165,382,GIA,2025-06-15,Open
2166,852,SIPP,2022-12-28,Open
2167,469,ISA,2023-10-01,Open
2168,320,GIA,2024-05-18,Open
2169,669,ISA,2024-03-19,Closed
2170,829,ISA,2025-10-13,Open
2171,416,LISA,2024-03-06,Closed
2172,772,LISA,2023-08-14,Open
2173,601,LISA,2024-07-11,Closed
2174,368,ISA,2022-12-14,Open
2175,585,ISA,2025-11-02,Closed
2176,737,ISA,2024-10-04,Open
2177,971,LISA,2024-01-05,Closed
2178,652,LISA,2024-01-06,Open
2179,524,GIA,2022-11-28,Closed
2180,902,SIPP,2024-01-12,Open
2181,10,LISA,2025-07-02,Closed
2182,381,LISA,2025-07-26,Closed
2183,57,ISA,2023-01-01,Open
2184,925,GIA,2023-05-05,Open
2185,330,LISA,2023-05-21,Closed
2186,274,GIA,2024-07-13,Closed
2187,952,ISA,2022-12-25,Open
2188,240,LISA,2023-04-05,Closed
2189,356,SIPP,2025-06-01,Closed
2190,488,SIPP,2024-12-13,Closed
2191,464,GIA,2025-07-18,Open
2192,174,SIPP,2024-06-30,Closed
2193,892,GIA,2025-04-30,Closed
2194,211,SIPP,2023-01-28,Closed
2195,345,LISA,2024-12-14,Closed
2196,80,LISA,2025-01-10,Open
2197,453,GIA,2025-02-17,Open
2198,241,GIA,2023-10-29,Open
2199,54,SIPP,2025-08-09,Closed
2200,212,SIPP,2024-07-28,Open
2201,583,SIPP,2025-08-15,Closed
2202,626,SIPP,2025-05-10,Closed
2203,948,GIA,2025-07-29,Closed
2204,334,GIA,2025-05-25,Closed
2205,312,GIA,2024-05-14,Open
2206,83,SIPP,2024-09-04,Open
2207,81,SIPP,2024-01-26,Closed
2208,146,ISA,2023-01-10,Open
2209,323,LISA,2025-09-08,Open
2210,979,GIA,2023-01-20,Closed
2211,990,ISA,2025-08-09,Closed
2212,265,ISA,2025-03-15,Closed
2213,131,GIA,2023-09-24,Open
2214,228,SIPP,2024-08-18,Open
2215,197,ISA,2025-01-02,Open
2216,822,ISA,2025-01-18,Open
2217,905,ISA,2024-06-17,Closed
2218,138,ISA,2024-06-27,Closed
2219,564,ISA,2025-08-21,Closed
2220,800,LISA,2024-07-24,Closed
2221,383,GIA,2023-06-26,Open
2222,733,LISA,2023-09-13,Closed
2223,424,LISA,2024-06-13,Open
2224,861,LISA,2022-12-25,Closed
2225,349,GIA,2023-04-19,Open
2226,322,GIA,2025-07-18,Open
2227,912,LISA,2023-05-25,Closed
2228,200,GIA,2025-10-25,Closed
2229,17,SIPP,2023-03-25,Closed
2230,172,GIA,2024-10-01,Open
2231,215,SIPP,2025-01-29,Open
2232,442,GIA,2023-07-04,Open
2233,319,SIPP,2024-05-22,Open
2234,350,GIA,2022-12-21,Open
2235,419,SIPP,2023-03-28,Closed
2236,118,ISA,2025-08-21,Open
2237,702,SIPP,2025-02-03,Open
2238,594,LISA,2025-03-22,Closed
2239,326,SIPP,2023-05-31,Open
2240,123,ISA,2025-01-24,Open
2241,836,ISA,2023-01-26,Open
2242,621,LISA,2024-04-24,Closed
2243,591,LISA,2023-11-03,Open
2244,443,ISA,2024-06-26,Open
2245,106,ISA,2025-08-13,Closed
2246,419,GIA,2025-01-14,Open
2247,808,GIA,2025-06-30,Open
2248,246,LISA,2025-06-07,Open
2249,838,SIPP,2024-02-27,Closed
2250,483,ISA,2024-02-19,Open
2251,477,SIPP,2023-05-15,Open
2252,141,SIPP,2023-09-09,Closed
2253,719,GIA,2022-12-23,Closed
2254,280,SIPP,2024-08-21,Open
2255,915,ISA,2025-02-27,Closed
2256,580,ISA,2024-09-09,Open
2257,803,LISA,2023-09-28,Open
2258,482,LISA,2025-05-03,Closed
2259,700,LISA,2024-04-08,Closed
2260,282,GIA,2024-04-11,Open
2261,893,GIA,2024-10-14,Open
2262,805,GIA,2024-09-26,Open
2263,218,ISA,2023-06-16,Open
2264,198,LISA,2023-09-09,Closed
2265,707,LISA,2023-08-16,Open
2266,19,ISA,2023-08-15,Open
2267,639,GIA,2024-12-01,Open
2268,999,ISA,2024-03-27,Closed
2269,643,ISA,2025-09-06,Open
2270,933,LISA,2022-12-02,Closed
2271,503,GIA,2025-08-13,Open
2272,787,GIA,2024-03-12,Closed
2273,291,ISA,2024-09-11,Closed
2274,728,GIA,2025-06-23,Open
2275,553,SIPP,2023-03-07,Closed
2276,42,ISA,2025-10-31,Open
2277,448,LISA,2024-09-06,Closed
2278,909,SIPP,2024-09-07,Open
2279,476,SIPP,2024-03-20,Open
2280,555,GIA,2024-03-08,Open
2281,375,SIPP,2024-09-17,Open
2282,799,GIA,2023-08-23,Open
2283,776,GIA,2024-08-04,Open
2284,376,LISA,2025-04-04,Open
2285,356,LISA,2025-02-11,Open
2286,481,GIA,2024-06-10,Closed
2287,643,GIA,2023-07-09,Open
2288,662,SIPP,2025-08-31,Open
2289,762,LISA,2023-03-19,Open
2290,2,LISA,2023-01-27,Open
2291,750,ISA,2024-11-13,Open
2292,726,ISA,2023-09-04,Open
2293,909,SIPP,2023-07-25,Closed
2294,705,SIPP,2025-08-01,Open
2295,288,LISA,2024-07-29,Open
2296,536,GIA,2023-04-04,Closed
2297,122,GIA,2024-09-16,Closed
2298,626,ISA,2024-06-08,Open
2299,716,ISA,2025-09-15,Closed
2300,211,ISA,2024-02-19,Open
2301,946,ISA,2023-09-25,Open
2302,540,GIA,2025-08-27,Closed
2303,630,ISA,2025-08-02,Closed
2304,631,LISA,2025-08-10,Open
2305,586,GIA,2023-12-11,Closed
2306,316,GIA,2024-10-17,Open
2307,117,LISA,2024-03-30,Open
2308,473,GIA,2025-10-01,Open
2309,361,ISA,2023-07-19,Open
2310,91,LISA,2025-03-07,Open
2311,552,LISA,2023-09-18,Closed
2312,838,GIA,2025-08-16,Closed
2313,214,LISA,2025-08-25,Open
2314,898,LISA,2024-05-17,Closed
2315,397,SIPP,2025-03-02,Open
2316,359,ISA,2025-09-11,Closed
2317,330,SIPP,2025-02-06,Closed
2318,173,SIPP,2024-11-07,Closed
2319,45,ISA,2024-06-10,Closed
2320,925,SIPP,2023-02-08,Open
2321,617,SIPP,2023-10-18,Closed
2322,880,SIPP,2024-04-08,Open
2323,201,GIA,2025-10-02,Open
2324,8,SIPP,2024-12-06,Open
2325,683,LISA,2023-01-14,Closed
2326,772,LISA,2022-11-28,Closed
2327,275,SIPP,2024-10-21,Closed
2328,9,GIA,2024-09-21,Open
2329,717,ISA,2023-07-30,Open
2330,385,GIA,2023-05-20,Closed
2331,702,LISA,2024-10-28,Closed
2332,158,ISA,2024-05-12,Closed
2333,346,GIA,2023-05-02,Open
2334,629,LISA,2024-03-14,Closed
2335,800,LISA,2023-07-22,Open
2336,384,SIPP,2024-09-09,Closed
2337,430,LISA,2025-09-09,Closed
2338,745,GIA,2024-06-27,Open
2339,747,LISA,2023-08-17,Open
2340,797,SIPP,2025-05-09,Open
2341,26,ISA,2023-04-18,Closed
2342,779,ISA,2023-10-31,Closed
2343,282,GIA,2023-08-02,Open
2344,572,ISA,2023-04-19,Closed
2345,909,LISA,2023-03-29,Closed
2346,431,SIPP,2023-03-21,Closed
2347,407,SIPP,2025-02-23,Closed
2348,840,LISA,2023-03-23,Open
2349,987,SIPP,2025-08-03,Open
2350,264,ISA,2024-06-10,Closed
2351,122,GIA,2025-03-27,Open
2352,66,ISA,2023-05-14,Closed
2353,111,ISA,2023-05-23,Open
2354,93,SIPP,2025-07-21,Closed
2355,790,GIA,2023-06-05,Closed
2356,253,SIPP,2023-09-26,Open
2357,146,SIPP,2025-04-04,Closed
2358,417,LISA,2025-11-03,Closed
2359,587,SIPP,2025-01-02,Open
2360,962,LISA,2023-08-28,Closed
2361,114,LISA,2024-11-02,Open
2362,789,ISA,2024-05-03,Closed
2363,744,ISA,2024-07-20,Open
2364,406,LISA,2025-05-01,Open
2365,802,GIA,2025-06-30,Closed
2366,885,ISA,2024-07-10,Open
2367,801,GIA,2024-07-25,Closed
2368,784,LISA,2024-11-01,Open
2369,154,LISA,2025-01-07,Closed
2370,555,SIPP,2024-11-23,Closed
2371,764,SIPP,2024-11-06,Open
2372,515,ISA,2024-06-22,Open
2373,587,ISA,2023-09-15,Closed
2374,957,GIA,2023-08-11,Closed
2375,922,LISA,2023-04-17,Open
2376,733,ISA,2024-05-14,Open
2377,577,LISA,2023-10-29,Open
2378,898,LISA,2023-06-02,Open
2379,48,LISA,2023-10-16,Open
2380,235,SIPP,2025-03-17,Closed
2381,702,LISA,2025-08-14,Closed
2382,665,SIPP,2023-05-12,Closed
2383,916,SIPP,2023-09-11,Open
2384,302,ISA,2022-12-28,Closed
2385,677,GIA,2023-05-03,Closed
2386,363,SIPP,2023-09-28,Open
2387,566,GIA,2023-02-17,Open
2388,238,LISA,2022-11-23,Closed
2389,642,ISA,2025-04-12,Closed
2390,287,SIPP,2025-03-14,Closed
2391,774,ISA,2025-05-23,Closed
2392,738,GIA,2022-12-13,Closed
2393,265,SIPP,2025-06-02,Closed
2394,931,LISA,2023-10-22,Open
2395,910,LISA,2025-11-13,Closed
2396,86,GIA,2023-09-08,Open
2397,982,GIA,2022-11-16,Open
2398,873,ISA,2022-11-18,Closed
2399,586,LISA,2024-05-28,Open
2400,161,ISA,2025-10-18,Open
2401,466,ISA,2025-07-06,Open
2402,611,GIA,2024-12-22,Closed
2403,262,ISA,2025-05-19,Closed
2404,355,ISA,2023-12-27,Open
2405,453,LISA,2023-05-06,Closed
2406,607,SIPP,2023-10-10,Closed
2407,970,ISA,2023-05-26,Closed
2408,342,SIPP,2023-04-04,Open
2409,893,LISA,2024-08-22,Closed
2410,364,ISA,2023-01-29,Closed
2411,550,GIA,2023-09-29,Closed
2412,148,LISA,2023-03-18,Closed
2413,897,SIPP,2023-03-23,Closed
2414,805,ISA,2023-12-17,Open
2415,968,LISA,2024-12-03,Closed
2416,797,GIA,2023-04-02,Open
2417,613,LISA,2023-01-03,Closed
2418,253,ISA,2023-08-09,Open
2419,39,ISA,2023-07-09,Open
2420,286,ISA,2023-10-29,Open
2421,471,GIA,2025-10-03,Closed
2422,49,GIA,2023-06-05,Closed
2423,592,GIA,2024-05-09,Open
2424,187,ISA,2025-05-20,Closed
2425,427,GIA,2025-03-23,Open
2426,230,GIA,2023-05-09,Closed
2427,788,LISA,2025-07-07,Open
2428,55,LISA,2023-10-31,Closed
2429,160,ISA,2024-05-26,Open
2430,114,ISA,2025-04-11,Open
2431,260,SIPP,2023-08-23,Open
2432,58,GIA,2024-05-15,Closed
2433,784,LISA,2023-07-07,Open
2434,549,LISA,2025-04-06,Open
2435,115,LISA,2024-04-07,Closed
2436,121,ISA,2024-03-27,Open
2437,376,GIA,2024-03-08,Open
2438,833,ISA,2025-01-01,Closed
2439,447,SIPP,2024-05-29,Closed
2440,868,GIA,2023-11-12,Open
2441,729,LISA,2025-01-24,Open
2442,809,GIA,2024-10-29,Closed
2443,757,ISA,2025-04-28,Open
2444,891,GIA,2024-07-02,Open
2445,917,LISA,2025-10-20,Open
2446,681,SIPP,2024-03-05,Closed
2447,589,GIA,2025-09-06,Closed
2448,432,GIA,2023-09-01,Closed
2449,344,SIPP,2023-04-26,Closed
2450,253,LISA,2023-12-16,Open
2451,97,SIPP,2025-09-29,Closed
2452,863,SIPP,2024-11-03,Closed
2453,417,SIPP,2025-01-29,Open
2454,235,LISA,2024-12-31,Closed
2455,864,SIPP,2024-07-17,Open
2456,237,ISA,2025-04-05,Closed
2457,553,GIA,2023-08-01,Open
2458,426,ISA,2025-04-25,Open
2459,855,GIA,2024-04-25,Closed
2460,582,SIPP,2025-01-04,Open
2461,698,SIPP,2025-10-29,Closed
2462,475,LISA,2023-10-15,Closed
2463,973,GIA,2025-06-10,Open
2464,275,ISA,2023-07-18,Closed
2465,406,GIA,2023-04-07,Open
2466,300,ISA,2022-12-16,Closed
2467,598,LISA,2025-07-29,Closed
2468,389,ISA,2024-10-15,Open
2469,287,GIA,2023-02-22,Closed
2470,425,SIPP,2025-09-21,Closed
2471,92,SIPP,2025-09-25,Open
2472,378,SIPP,2025-03-27,Open
2473,614,GIA,2024-05-14,Open
2474,305,GIA,2025-08-05,Closed
2475,823,GIA,2025-11-11,Closed
2476,287,ISA,2024-04-28,Open
2477,161,LISA,2025-04-22,Closed
2478,409,ISA,2023-09-21,Closed
2479,95,GIA,2023-04-26,Open
2480,942,SIPP,2023-04-02,Open
2481,540,SIPP,2024-01-21,Closed
2482,24,GIA,2024-10-20,Closed
2483,904,GIA,2023-10-08,Open
2484,789,ISA,2023-01-08,Closed
2485,915,GIA,2025-01-20,Open
2486,875,SIPP,2025-03-14,Open
2487,308,LISA,2023-09-10,Open
2488,678,LISA,2022-11-21,Open
2489,298,SIPP,2025-02-06,Closed
2490,755,GIA,2024-02-28,Open
2491,916,SIPP,2025-10-21,Closed
2492,393,LISA,2024-07-23,Closed
2493,559,LISA,2025-10-10,Closed
2494,859,SIPP,2023-02-26,Open
2495,948,ISA,2024-04-28,Closed
2496,662,GIA,2024-09-28,Open
2497,454,GIA,2024-09-26,Open
2498,744,GIA,2023-10-09,Closed
2499,729,ISA,2024-01-15,Closed
2500,614,SIPP,2025-08-05,Open
2501,596,ISA,2023-04-30,Open
2502,693,LISA,2023-10-07,Open
2503,275,GIA,2025-01-14,Open
2504,140,LISA,2024-12-04,Closed
2505,589,ISA,2023-05-09,Open
2506,603,LISA,2023-06-13,Closed
2507,880,ISA,2023-08-21,Open
2508,97,SIPP,2025-07-07,Open
2509,137,LISA,2023-02-04,Open
2510,189,SIPP,2023-03-21,Open
2511,158,SIPP,2025-04-13,Open
2512,296,ISA,2025-08-05,Closed
2513,715,ISA,2024-03-02,Closed
2514,857,LISA,2025-10-12,Open
2515,513,SIPP,2024-05-23,Open
2516,398,GIA,2024-12-24,Open
2517,944,SIPP,2023-11-19,Closed
2518,42,LISA,2022-11-18,Closed
2519,974,GIA,2025-06-10,Closed
2520,596,SIPP,2024-08-11,Open
2521,137,GIA,2022-12-25,Closed
2522,348,LISA,2023-07-24,Open
2523,890,SIPP,2023-07-06,Closed
2524,352,LISA,2025-03-30,Open
2525,408,SIPP,2024-10-22,Open
2526,480,GIA,2025-07-04,Closed
2527,754,LISA,2024-08-06,Closed
2528,691,LISA,2023-08-26,Open
2529,909,ISA,2023-10-05,Open
2530,780,ISA,2025-06-01,Open
2531,189,SIPP,2023-01-11,Closed
2532,506,LISA,2024-09-09,Open
2533,587,LISA,2024-02-04,Open
2534,730,GIA,2025-01-29,Open
2535,460,ISA,2025-06-01,Closed
2536,111,ISA,2025-11-12,Closed
2537,701,LISA,2023-07-07,Open
2538,120,SIPP,2023-07-23,Open
2539,602,ISA,2024-12-05,Open
2540,129,GIA,2025-04-10,Closed
2541,200,GIA,2025-02-22,Closed
2542,293,SIPP,2025-09-13,Closed
2543,157,ISA,2025-01-26,Open
2544,227,ISA,2023-04-08,Open
2545,645,LISA,2023-08-01,Closed
2546,336,SIPP,2025-10-07,Closed
2547,613,LISA,2024-12-11,Closed
2548,807,LISA,2024-11-28,Open
2549,867,ISA,2025-01-27,Open
2550,1,ISA,2024-01-23,Open
2551,926,SIPP,2025-09-18,Open
2552,833,LISA,2025-01-11,Open
2553,420,SIPP,2024-12-22,Open
2554,758,LISA,2022-12-07,Closed
2555,675,ISA,2024-01-24,Closed
2556,507,SIPP,2023-11-11,Open
2557,287,ISA,2025-06-27,Closed
2558,245,SIPP,2023-10-01,Closed
2559,775,LISA,2023-08-09,Open
2560,382,ISA,2024-12-21,Closed
2561,898,LISA,2024-06-24,Open
2562,693,GIA,2023-05-04,Open
2563,812,ISA,2024-08-22,Open
2564,846,LISA,2023-11-02,Open
2565,428,ISA,2024-12-29,Closed
2566,345,SIPP,2025-05-08,Open
2567,341,SIPP,2025-09-08,Closed
2568,755,SIPP,2023-07-06,Closed
2569,334,SIPP,2024-08-10,Open
2570,544,SIPP,2024-12-29,Closed
2571,537,SIPP,2024-01-22,Open
2572,393,ISA,2023-07-23,Closed
2573,757,ISA,2023-10-30,Open
2574,554,ISA,2025-11-02,Closed
2575,253,LISA,2022-12-27,Open
2576,250,LISA,2023-09-06,Closed
2577,837,ISA,2023-07-09,Closed
2578,237,GIA,2025-04-18,Open
2579,629,GIA,2025-05-17,Closed
2580,861,SIPP,2023-12-26,Open
2581,473,ISA,2025-07-15,Closed
2582,473,LISA,2024-10-23,Open
2583,756,GIA,2025-04-07,Closed
2584,349,ISA,2025-08-27,Open
2585,6,GIA,2025-02-25,Closed
2586,414,ISA,2025-05-15,Closed
2587,190,LISA,2025-08-14,Closed
2588,581,ISA,2023-02-24,Closed
2589,473,ISA,2024-04-21,Open
2590,846,SIPP,2024-05-22,Open
2591,500,LISA,2024-06-24,Open
2592,533,SIPP,2025-05-12,Open
2593,144,ISA,2023-07-11,Closed
2594,359,LISA,2025-02-17,Closed
2595,561,ISA,2025-05-10,Open
2596,704,GIA,2024-06-17,Open
2597,130,LISA,2025-07-26,Closed
2598,709,GIA,2022-11-18,Open
2599,566,SIPP,2025-01-14,Open
2600,946,GIA,2025-03-28,Open
2601,690,ISA,2023-07-22,Closed
2602,993,SIPP,2025-03-27,Closed
2603,322,GIA,2024-10-20,Open
2604,675,GIA,2025-04-21,Closed
2605,598,GIA,2024-02-19,Open
2606,362,LISA,2024-10-15,Open
2607,880,SIPP,2024-05-19,Closed
2608,927,GIA,2023-01-13,Open
2609,721,ISA,2024-09-26,Open
2610,931,ISA,2024-10-22,Open
2611,589,SIPP,2025-10-29,Closed
2612,506,SIPP,2023-08-03,Closed
2613,101,SIPP,2024-01-31,Open
2614,629,LISA,2023-05-28,Open
2615,799,LISA,2025-03-03,Closed
2616,208,ISA,2023-02-22,Closed
2617,294,SIPP,2025-09-14,Closed
2618,958,GIA,2023-08-23,Closed
2619,766,SIPP,2025-10-09,Closed
2620,272,LISA,2025-03-08,Closed
2621,896,ISA,2024-02-03,Open
2622,365,SIPP,2023-02-27,Closed
2623,993,SIPP,2025-04-03,Closed
2624,678,LISA,2024-06-05,Open
2625,599,LISA,2023-07-31,Closed
2626,951,ISA,2025-06-10,Closed
2627,780,ISA,2023-08-23,Open
2628,644,LISA,2024-11-01,Open
2629,627,ISA,2025-01-23,Open
2630,488,LISA,2023-05-18,Open
2631,989,GIA,2025-01-11,Open
2632,136,SIPP,2025-02-04,Open
2633,430,ISA,2024-11-28,Closed
2634,956,SIPP,2023-06-20,Closed
2635,693,LISA,2023-04-27,Closed
2636,926,SIPP,2023-10-09,Closed
2637,288,ISA,2025-03-05,Closed
2638,588,ISA,2025-09-20,Closed
2639,41,SIPP,2024-02-07,Closed
2640,39,LISA,2025-05-10,Closed
2641,218,SIPP,2025-02-28,Closed
2642,939,SIPP,2023-08-04,Closed
2643,821,SIPP,2024-10-14,Closed
2644,54,LISA,2025-03-09,Closed
2645,77,LISA,2023-03-02,Closed
2646,705,GIA,2023-03-17,Closed
2647,92,GIA,2024-11-25,Open
2648,627,ISA,2024-07-07,Open
2649,817,GIA,2024-01-18,Closed
2650,287,SIPP,2025-01-30,Open
2651,811,GIA,2022-12-03,Open
2652,989,GIA,2024-07-23,Closed
2653,34,LISA,2023-10-24,Open
2654,348,ISA,2023-03-05,Closed
2655,593,LISA,2023-10-28,Closed
2656,339,GIA,2024-01-03,Closed
2657,286,GIA,2023-02-08,Open
2658,550,LISA,2024-04-18,Closed
2659,181,LISA,2024-02-16,Open
2660,894,GIA,2024-11-21,Open
2661,736,GIA,2023-10-30,Closed
2662,159,SIPP,2024-12-04,Closed
2663,743,LISA,2023-02-21,Closed
2664,965,SIPP,2023-12-13,Closed
2665,823,LISA,2024-10-13,Closed
2666,498,ISA,2025-03-25,Closed
2667,612,LISA,2024-11-09,Open
2668,155,GIA,2023-04-22,Closed
2669,307,ISA,2023-04-10,Closed
2670,254,LISA,2025-02-07,Closed
2671,285,SIPP,2024-03-03,Closed
2672,463,ISA,2024-03-23,Open
2673,610,SIPP,2025-10-21,Closed
2674,479,ISA,2025-04-01,Open
2675,862,LISA,2023-07-03,Closed
2676,829,LISA,2025-06-19,Open
2677,532,LISA,2024-09-24,Closed
2678,776,LISA,2023-07-09,Open
2679,518,GIA,2023-07-26,Open
2680,339,SIPP,2025-02-06,Closed
2681,786,LISA,2024-10-23,Closed
2682,810,ISA,2025-09-26,Closed
2683,20,ISA,2022-11-21,Open
2684,869,GIA,2023-05-08,Closed
2685,60,SIPP,2023-07-05,Open
2686,802,GIA,2022-12-27,Closed
2687,980,SIPP,2023-07-28,Closed
2688,678,GIA,2024-06-01,Closed
2689,46,ISA,2022-12-25,Closed
2690,797,SIPP,2025-06-23,Closed
2691,51,GIA,2023-02-13,Closed
2692,871,ISA,2025-02-09,Closed
2693,7,SIPP,2023-02-13,Open
2694,890,ISA,2024-12-19,Closed
2695,28,GIA,2023-07-09,Closed
2696,615,ISA,2024-08-12,Open
2697,888,ISA,2024-06-13,Open
2698,728,ISA,2025-01-30,Closed
2699,838,ISA,2024-05-29,Open
2700,209,GIA,2022-12-09,Open
2701,565,LISA,2024-08-10,Closed
2702,371,LISA,2024-06-23,Closed
2703,837,GIA,2024-10-04,Open
2704,875,GIA,2024-10-12,Closed
2705,306,ISA,2025-05-29,Closed
2706,820,ISA,2024-02-14,Closed
2707,493,LISA,2023-01-19,Open
2708,638,ISA,2025-04-15,Open
2709,942,SIPP,2024-11-03,Closed
2710,829,SIPP,2024-01-01,Closed
2711,52,GIA,2024-03-15,Open
2712,451,LISA,2024-11-30,Closed
2713,39,LISA,2025-10-29,Closed
2714,858,GIA,2024-01-22,Open
2715,655,ISA,2023-03-30,Open
2716,259,SIPP,2024-10-12,Open
2717,144,LISA,2024-02-17,Open
2718,597,GIA,2024-04-20,Open
2719,336,GIA,2025-06-16,Closed
2720,105,GIA,2025-06-27,Open
2721,851,SIPP,2023-06-19,Open
2722,578,LISA,2025-08-24,Closed
2723,431,ISA,2025-04-07,Closed
2724,484,SIPP,2023-05-31,Open
2725,279,ISA,2023-01-27,Closed
2726,3,ISA,2023-09-06,Closed
2727,913,GIA,2024-09-04,Closed
2728,592,SIPP,2025-05-08,Open
2729,312,LISA,2023-05-10,Closed
2730,276,GIA,2025-01-02,Closed
2731,313,SIPP,2023-04-01,Closed
2732,873,GIA,2025-07-19,Open
2733,370,GIA,2025-07-31,Closed
2734,43,GIA,2023-01-14,Closed
2735,463,GIA,2025-01-31,Open
2736,213,LISA,2024-02-29,Closed
2737,93,LISA,2025-11-07,Closed
2738,134,SIPP,2023-06-10,Open
2739,202,ISA,2025-11-03,Closed
2740,954,SIPP,2025-10-16,Open
2741,502,LISA,2024-01-03,Closed
2742,402,ISA,2024-11-08,Closed
2743,511,ISA,2023-10-03,Closed
2744,231,ISA,2024-05-06,Open
2745,425,GIA,2025-02-16,Closed
2746,502,GIA,2023-07-20,Closed
2747,607,GIA,2023-02-28,Closed
2748,646,GIA,2023-07-04,Closed
2749,888,GIA,2024-10-20,Open
2750,967,GIA,2024-01-18,Open
2751,525,LISA,2025-06-06,Closed
2752,196,SIPP,2023-12-10,Open
2753,389,LISA,2025-08-17,Open
2754,639,GIA,2024-10-19,Closed
2755,300,GIA,2022-12-06,Closed
2756,459,SIPP,2025-09-06,Closed
2757,764,ISA,2025-11-04,Closed
2758,281,LISA,2025-04-05,Closed
2759,973,SIPP,2023-06-01,Open
2760,621,ISA,2024-01-09,Open
2761,89,SIPP,2024-11-23,Open
2762,987,ISA,2024-09-08,Closed
2763,110,ISA,2024-10-06,Open
2764,13,ISA,2023-03-06,Open
2765,776,GIA,2025-11-06,Open
2766,354,GIA,2022-12-15,Closed
2767,141,LISA,2025-06-03,Closed
2768,513,GIA,2023-11-08,Open
2769,436,GIA,2023-03-14,Closed
2770,559,ISA,2025-08-23,Closed
2771,906,ISA,2025-07-13,Closed
2772,232,LISA,2025-05-04,Open
2773,200,SIPP,2025-09-20,Closed
2774,991,SIPP,2025-03-10,Open
2775,500,ISA,2023-09-13,Closed
2776,627,GIA,2024-10-17,Closed
2777,774,LISA,2023-12-02,Closed
2778,846,GIA,2025-02-04,Open
2779,395,ISA,2024-08-18,Open
2780,368,GIA,2023-05-24,Open
2781,271,GIA,2024-01-29,Open
2782,456,GIA,2023-12-14,Open
2783,725,ISA,2023-12-01,Open
2784,786,SIPP,2023-09-06,Open
2785,52,GIA,2023-09-11,Open
2786,170,SIPP,2025-05-08,Open
2787,813,ISA,2023-01-01,Open
2788,262,SIPP,2024-12-19,Open
2789,957,ISA,2023-08-21,Closed
2790,512,GIA,2023-02-27,Closed
2791,578,ISA,2023-08-21,Closed
2792,252,LISA,2025-03-23,Open
2793,633,ISA,2025-10-07,Closed
2794,320,GIA,2023-05-28,Closed
2795,214,ISA,2023-10-20,Closed
2796,512,GIA,2025-06-05,Closed
2797,987,ISA,2024-08-26,Closed
2798,225,ISA,2023-07-27,Open
2799,562,LISA,2024-01-06,Open
2800,680,ISA,2025-09-29,Open
2801,463,SIPP,2023-06-22,Open
2802,333,SIPP,2023-05-28,Closed
2803,193,GIA,2023-12-16,Open
2804,63,SIPP,2025-04-26,Open
2805,488,ISA,2024-02-24,Closed
2806,315,SIPP,2025-03-10,Open
2807,508,ISA,2023-04-02,Open
2808,481,LISA,2023-02-08,Closed
2809,980,SIPP,2025-03-11,Open
2810,357,GIA,2024-03-18,Closed
2811,639,GIA,2024-12-31,Closed
2812,516,ISA,2025-09-20,Open
2813,806,LISA,2025-01-01,Closed
2814,647,LISA,2024-05-31,Open
2815,274,LISA,2023-06-01,Closed
2816,403,LISA,2023-09-06,Closed
2817,772,GIA,2024-05-15,Open
2818,685,GIA,2023-03-10,Open
2819,134,LISA,2023-06-24,Open
2820,534,GIA,2024-12-22,Closed
2821,320,SIPP,2023-02-23,Closed
2822,122,LISA,2024-07-25,Open
2823,851,ISA,2025-04-03,Closed
2824,200,LISA,2023-09-08,Closed
2825,880,GIA,2024-11-19,Open
2826,289,LISA,2022-11-15,Closed
2827,899,LISA,2024-06-01,Closed
2828,712,LISA,2023-11-14,Open
2829,677,LISA,2024-02-09,Closed
2830,437,LISA,2023-01-28,Open
2831,897,GIA,2022-11-20,Open
2832,796,SIPP,2024-10-09,Open
2833,495,LISA,2024-09-15,Closed
2834,852,ISA,2024-09-29,Closed
2835,787,LISA,2024-08-20,Closed
2836,333,LISA,2025-05-17,Closed
2837,928,GIA,2025-11-08,Open
2838,620,GIA,2025-10-27,Open
2839,880,LISA,2022-12-23,Closed
2840,821,GIA,2024-01-25,Closed
2841,874,LISA,2023-06-30,Open
2842,225,GIA,2025-10-26,Open
2843,357,SIPP,2025-08-06,Closed
2844,779,LISA,2025-06-25,Open
2845,841,LISA,2023-08-16,Closed
2846,681,SIPP,2024-04-14,Open
2847,868,SIPP,2024-02-13,Closed
2848,437,LISA,2025-06-28,Closed
2849,971,ISA,2024-01-31,Open
2850,437,ISA,2025-02-10,Open
2851,360,SIPP,2025-10-12,Closed
2852,112,SIPP,2025-06-05,Open
2853,252,SIPP,2025-06-15,Open
2854,220,SIPP,2024-02-04,Closed
2855,847,GIA,2024-07-21,Closed
2856,237,ISA,2024-11-11,Open
2857,822,GIA,2024-10-06,Open
2858,247,ISA,2025-08-08,Open
2859,131,GIA,2025-10-15,Closed
2860,835,SIPP,2025-08-13,Closed
2861,470,GIA,2025-08-02,Closed
2862,292,GIA,2023-11-04,Open
2863,830,LISA,2023-08-03,Open
2864,998,LISA,2023-04-28,Open
2865,748,GIA,2024-07-15,Open
2866,330,GIA,2024-09-19,Closed
2867,863,LISA,2025-10-27,Closed
2868,484,LISA,2023-07-24,Open
2869,438,GIA,2025-01-27,Closed
2870,617,SIPP,2025-11-11,Open
2871,519,ISA,2024-02-18,Open
2872,848,LISA,2023-06-09,Closed
2873,64,GIA,2023-02-08,Closed
2874,239,LISA,2024-06-09,Open
2875,361,ISA,2024-08-24,Open
2876,898,ISA,2025-06-23,Closed
2877,12,ISA,2024-12-21,Open
2878,193,LISA,2024-02-03,Open
2879,223,LISA,2024-12-31,Open
2880,543,LISA,2023-11-06,Open
2881,396,ISA,2024-12-23,Open
2882,796,LISA,2024-04-02,Open
2883,198,ISA,2023-02-17,Open
2884,841,SIPP,2023-11-05,Open
2885,630,LISA,2025-10-07,Closed
2886,870,SIPP,2025-06-09,Open
2887,177,ISA,2024-03-09,Open
2888,649,GIA,2025-01-30,Closed
2889,133,SIPP,2023-04-21,Closed
2890,399,SIPP,2025-02-24,Open
2891,88,LISA,2023-10-13,Open
2892,41,GIA,2024-06-23,Open
2893,851,ISA,2025-08-17,Closed
2894,319,SIPP,2023-03-01,Open
2895,233,SIPP,2023-11-07,Open
2896,574,SIPP,2024-08-12,Open
2897,681,ISA,2024-09-21,Closed
2898,492,GIA,2024-04-27,Open
2899,631,SIPP,2024-05-17,Closed
2900,104,GIA,2022-12-06,Closed
2901,423,LISA,2024-10-06,Closed
2902,160,LISA,2025-04-04,Closed
2903,292,ISA,2025-05-29,Closed
2904,145,GIA,2025-03-04,Closed
2905,13,SIPP,2025-10-03,Closed
2906,764,ISA,2025-05-07,Open
2907,227,LISA,2023-02-19,Open
2908,202,GIA,2023-06-12,Closed
2909,838,ISA,2024-05-10,Closed
2910,354,GIA,2024-02-03,Closed
2911,175,GIA,2024-04-06,Open
2912,95,LISA,2023-02-15,Closed
2913,318,GIA,2024-01-15,Closed
2914,759,ISA,2025-10-19,Closed
2915,769,ISA,2024-10-11,Closed
2916,235,LISA,2025-09-23,Closed
2917,565,LISA,2023-03-05,Closed
2918,647,GIA,2023-06-26,Closed
2919,454,ISA,2024-11-22,Closed
2920,155,GIA,2024-01-14,Closed
2921,116,GIA,2023-04-18,Open
2922,789,LISA,2024-08-11,Open
2923,97,LISA,2025-06-17,Closed
2924,439,GIA,2024-05-08,Open
2925,525,LISA,2023-09-19,Open
2926,120,SIPP,2025-10-13,Closed
2927,670,ISA,2023-02-03,Open
2928,847,ISA,2024-09-19,Closed
2929,676,ISA,2024-03-15,Open
2930,886,GIA,2024-12-25,Closed
2931,865,GIA,2024-07-30,Closed
2932,73,SIPP,2025-11-05,Closed
2933,683,ISA,2024-02-18,Open
2934,275,ISA,2024-11-13,Open
2935,995,ISA,2025-08-17,Open
2936,321,SIPP,2024-02-20,Closed
2937,914,GIA,2024-03-04,Closed
2938,996,ISA,2025-05-31,Open
2939,318,ISA,2024-09-22,Closed
2940,248,ISA,2023-01-21,Closed
2941,766,GIA,2025-06-18,Open
2942,470,ISA,2024-07-18,Open
2943,676,LISA,2024-08-07,Open
2944,793,ISA,2023-05-23,Open
2945,533,ISA,2025-05-16,Closed
2946,50,GIA,2025-06-21,Closed
2947,280,ISA,2023-07-03,Closed
2948,917,GIA,2023-11-19,Closed
2949,3,GIA,2023-02-22,Open
2950,258,SIPP,2025-07-10,Open
2951,677,ISA,2024-07-01,Closed
2952,199,ISA,2025-05-19,Closed
2953,946,ISA,2024-07-02,Open
2954,676,SIPP,2025-10-20,Open
2955,425,ISA,2025-10-15,Closed
2956,270,ISA,2025-05-30,Closed
2957,56,SIPP,2025-04-13,Open
2958,614,GIA,2025-05-06,Closed
2959,743,ISA,2023-05-31,Open
2960,279,GIA,2023-05-16,Open
2961,298,SIPP,2025-09-17,Closed
2962,55,GIA,2025-03-31,Closed
2963,943,SIPP,2024-10-11,Closed
2964,259,SIPP,2024-09-05,Open
2965,76,ISA,2023-04-16,Open
2966,66,GIA,2023-03-03,Closed
2967,752,SIPP,2023-11-07,Open
2968,401,GIA,2023-05-30,Closed
2969,13,GIA,2025-01-01,Open
2970,688,GIA,2023-08-04,Closed
2971,345,GIA,2025-04-28,Closed
2972,740,ISA,2023-02-02,Open
2973,489,ISA,2024-12-07,Closed
2974,818,LISA,2022-12-03,Closed
2975,616,SIPP,2024-07-24,Closed
2976,228,LISA,2025-10-28,Closed
2977,44,ISA,2025-11-03,Closed
2978,257,SIPP,2023-04-10,Open
2979,724,SIPP,2023-07-01,Open
2980,544,ISA,2025-03-24,Closed
2981,375,SIPP,2025-04-01,Closed
2982,909,SIPP,2023-10-16,Closed
2983,689,ISA,2024-07-17,Open
2984,423,LISA,2025-04-05,Open
2985,416,GIA,2025-08-30,Open
2986,602,ISA,2024-03-27,Closed
2987,404,SIPP,2024-03-08,Closed
2988,742,ISA,2025-08-19,Open
2989,423,ISA,2025-06-28,Closed
2990,572,GIA,2023-03-01,Closed
2991,516,LISA,2025-05-18,Open
2992,213,LISA,2025-02-21,Open
2993,263,GIA,2024-05-30,Open
2994,84,GIA,2024-09-17,Closed
2995,151,ISA,2024-11-29,Open
2996,149,LISA,2025-04-28,Open
2997,464,ISA,2023-08-09,Closed
2998,876,ISA,2025-06-03,Closed
2999,366,LISA,2024-08-14,Closed
